Base path: /Applications/Unity/Hub/Editor/2018.3.14f1/Unity.app/Contents
Cmd: initializeCompiler
Cmd: initializeCompiler
Cmd: compileSnippet
  api=14 type=0 insize=1582 outsize=1542 kw= pd=UNITY_NO_DXT5nm UNITY_ENABLE_REFLECTION_BUFFERS UNITY_NO_CUBEMAP_ARRAY UNITY_NO_SCREENSPACE_SHADOWS UNITY_PBS_USE_BRDF2 SHADER_API_DESKTOP UNITY_HARDWARE_TIER3 UNITY_COLORSPACE_GAMMA UNITY_LIGHTMAP_DLDR_ENCODING ok=1
Cmd: compileSnippet
  api=14 type=1 insize=1582 outsize=947 kw= pd=UNITY_NO_DXT5nm UNITY_ENABLE_REFLECTION_BUFFERS UNITY_NO_CUBEMAP_ARRAY UNITY_NO_SCREENSPACE_SHADOWS UNITY_PBS_USE_BRDF2 SHADER_API_DESKTOP UNITY_HARDWARE_TIER3 UNITY_COLORSPACE_GAMMA UNITY_LIGHTMAP_DLDR_ENCODING ok=1
Cmd: compileSnippet
  api=14 type=0 insize=1341 outsize=1653 kw= pd=UNITY_NO_DXT5nm UNITY_ENABLE_REFLECTION_BUFFERS UNITY_NO_CUBEMAP_ARRAY UNITY_NO_SCREENSPACE_SHADOWS UNITY_PBS_USE_BRDF2 SHADER_API_DESKTOP UNITY_HARDWARE_TIER3 UNITY_COLORSPACE_GAMMA UNITY_LIGHTMAP_DLDR_ENCODING ok=1
Cmd: compileSnippet
  api=14 type=1 insize=1341 outsize=916 kw= pd=UNITY_NO_DXT5nm UNITY_ENABLE_REFLECTION_BUFFERS UNITY_NO_CUBEMAP_ARRAY UNITY_NO_SCREENSPACE_SHADOWS UNITY_PBS_USE_BRDF2 SHADER_API_DESKTOP UNITY_HARDWARE_TIER3 UNITY_COLORSPACE_GAMMA UNITY_LIGHTMAP_DLDR_ENCODING ok=1
Cmd: compileSnippet
  api=14 type=0 insize=1842 outsize=2437 kw= pd=UNITY_NO_DXT5nm UNITY_ENABLE_REFLECTION_BUFFERS UNITY_NO_CUBEMAP_ARRAY UNITY_NO_SCREENSPACE_SHADOWS UNITY_PBS_USE_BRDF2 SHADER_API_DESKTOP UNITY_HARDWARE_TIER3 UNITY_COLORSPACE_GAMMA UNITY_LIGHTMAP_DLDR_ENCODING ok=1
Cmd: compileSnippet
  api=14 type=1 insize=1842 outsize=1830 kw= pd=UNITY_NO_DXT5nm UNITY_ENABLE_REFLECTION_BUFFERS UNITY_NO_CUBEMAP_ARRAY UNITY_NO_SCREENSPACE_SHADOWS UNITY_PBS_USE_BRDF2 SHADER_API_DESKTOP UNITY_HARDWARE_TIER3 UNITY_COLORSPACE_GAMMA UNITY_LIGHTMAP_DLDR_ENCODING ok=1
Cmd: compileSnippet
  api=14 type=0 insize=1701 outsize=2474 kw= pd=UNITY_NO_DXT5nm UNITY_ENABLE_REFLECTION_BUFFERS UNITY_NO_CUBEMAP_ARRAY UNITY_NO_SCREENSPACE_SHADOWS UNITY_PBS_USE_BRDF2 SHADER_API_DESKTOP UNITY_HARDWARE_TIER3 UNITY_COLORSPACE_GAMMA UNITY_LIGHTMAP_DLDR_ENCODING ok=1
Cmd: compileSnippet
  api=14 type=1 insize=1701 outsize=1242 kw= pd=UNITY_NO_DXT5nm UNITY_ENABLE_REFLECTION_BUFFERS UNITY_NO_CUBEMAP_ARRAY UNITY_NO_SCREENSPACE_SHADOWS UNITY_PBS_USE_BRDF2 SHADER_API_DESKTOP UNITY_HARDWARE_TIER3 UNITY_COLORSPACE_GAMMA UNITY_LIGHTMAP_DLDR_ENCODING ok=1
Cmd: compileSnippet
  api=14 type=0 insize=16605 outsize=10161 kw=_SUNDISK_SIMPLE pd=UNITY_NO_DXT5nm UNITY_ENABLE_REFLECTION_BUFFERS UNITY_NO_CUBEMAP_ARRAY UNITY_NO_SCREENSPACE_SHADOWS UNITY_PBS_USE_BRDF2 SHADER_API_DESKTOP UNITY_HARDWARE_TIER3 UNITY_COLORSPACE_GAMMA UNITY_LIGHTMAP_DLDR_ENCODING ok=1
Cmd: compileSnippet
  api=14 type=1 insize=16605 outsize=1875 kw=_SUNDISK_SIMPLE pd=UNITY_NO_DXT5nm UNITY_ENABLE_REFLECTION_BUFFERS UNITY_NO_CUBEMAP_ARRAY UNITY_NO_SCREENSPACE_SHADOWS UNITY_PBS_USE_BRDF2 SHADER_API_DESKTOP UNITY_HARDWARE_TIER3 UNITY_COLORSPACE_GAMMA UNITY_LIGHTMAP_DLDR_ENCODING ok=1
Cmd: compileSnippet
  api=14 type=0 insize=1278 outsize=2953 kw=UNITY_PASS_SHADOWCASTER SHADOWS_DEPTH _METALLICGLOSSMAP pd=UNITY_NO_DXT5nm UNITY_ENABLE_REFLECTION_BUFFERS UNITY_NO_CUBEMAP_ARRAY UNITY_NO_SCREENSPACE_SHADOWS UNITY_PBS_USE_BRDF2 SHADER_API_DESKTOP UNITY_HARDWARE_TIER3 UNITY_COLORSPACE_GAMMA UNITY_LIGHTMAP_DLDR_ENCODING ok=1
Cmd: compileSnippet
  api=14 type=1 insize=1278 outsize=535 kw=UNITY_PASS_SHADOWCASTER SHADOWS_DEPTH _METALLICGLOSSMAP pd=UNITY_NO_DXT5nm UNITY_ENABLE_REFLECTION_BUFFERS UNITY_NO_CUBEMAP_ARRAY UNITY_NO_SCREENSPACE_SHADOWS UNITY_PBS_USE_BRDF2 SHADER_API_DESKTOP UNITY_HARDWARE_TIER3 UNITY_COLORSPACE_GAMMA UNITY_LIGHTMAP_DLDR_ENCODING ok=1
Cmd: compileSnippet
  api=14 type=0 insize=1274 outsize=3164 kw=UNITY_PASS_SHADOWCASTER SHADOWS_DEPTH _ALPHAPREMULTIPLY_ON pd=UNITY_NO_DXT5nm UNITY_ENABLE_REFLECTION_BUFFERS UNITY_NO_CUBEMAP_ARRAY UNITY_NO_SCREENSPACE_SHADOWS UNITY_PBS_USE_BRDF2 SHADER_API_DESKTOP UNITY_HARDWARE_TIER3 UNITY_COLORSPACE_GAMMA UNITY_LIGHTMAP_DLDR_ENCODING ok=1
Cmd: compileSnippet
  api=14 type=1 insize=1274 outsize=1459 kw=UNITY_PASS_SHADOWCASTER SHADOWS_DEPTH _ALPHAPREMULTIPLY_ON pd=UNITY_NO_DXT5nm UNITY_ENABLE_REFLECTION_BUFFERS UNITY_NO_CUBEMAP_ARRAY UNITY_NO_SCREENSPACE_SHADOWS UNITY_PBS_USE_BRDF2 SHADER_API_DESKTOP UNITY_HARDWARE_TIER3 UNITY_COLORSPACE_GAMMA UNITY_LIGHTMAP_DLDR_ENCODING ok=1
Cmd: compileSnippet
  api=14 type=0 insize=1564 outsize=4698 kw=UNITY_PASS_FORWARDBASE DIRECTIONAL SHADOWS_SCREEN LIGHTPROBE_SH _NORMALMAP _METALLICGLOSSMAP pd=UNITY_NO_DXT5nm UNITY_ENABLE_REFLECTION_BUFFERS UNITY_NO_CUBEMAP_ARRAY UNITY_NO_SCREENSPACE_SHADOWS UNITY_PBS_USE_BRDF2 SHADER_API_DESKTOP UNITY_HARDWARE_TIER3 UNITY_COLORSPACE_GAMMA UNITY_LIGHTMAP_DLDR_ENCODING ok=1
Cmd: compileSnippet
  api=14 type=1 insize=1564 outsize=8815 kw=UNITY_PASS_FORWARDBASE DIRECTIONAL SHADOWS_SCREEN LIGHTPROBE_SH _NORMALMAP _METALLICGLOSSMAP pd=UNITY_NO_DXT5nm UNITY_ENABLE_REFLECTION_BUFFERS UNITY_NO_CUBEMAP_ARRAY UNITY_NO_SCREENSPACE_SHADOWS UNITY_PBS_USE_BRDF2 SHADER_API_DESKTOP UNITY_HARDWARE_TIER3 UNITY_COLORSPACE_GAMMA UNITY_LIGHTMAP_DLDR_ENCODING ok=1
Cmd: compileSnippet
  api=14 type=0 insize=1560 outsize=3914 kw=UNITY_PASS_FORWARDBASE DIRECTIONAL LIGHTPROBE_SH _ALPHAPREMULTIPLY_ON pd=UNITY_NO_DXT5nm UNITY_ENABLE_REFLECTION_BUFFERS UNITY_NO_CUBEMAP_ARRAY UNITY_NO_SCREENSPACE_SHADOWS UNITY_PBS_USE_BRDF2 SHADER_API_DESKTOP UNITY_HARDWARE_TIER3 UNITY_COLORSPACE_GAMMA UNITY_LIGHTMAP_DLDR_ENCODING ok=1
Cmd: compileSnippet
  api=14 type=1 insize=1560 outsize=5858 kw=UNITY_PASS_FORWARDBASE DIRECTIONAL LIGHTPROBE_SH _ALPHAPREMULTIPLY_ON pd=UNITY_NO_DXT5nm UNITY_ENABLE_REFLECTION_BUFFERS UNITY_NO_CUBEMAP_ARRAY UNITY_NO_SCREENSPACE_SHADOWS UNITY_PBS_USE_BRDF2 SHADER_API_DESKTOP UNITY_HARDWARE_TIER3 UNITY_COLORSPACE_GAMMA UNITY_LIGHTMAP_DLDR_ENCODING ok=1
Cmd: compileSnippet
  api=14 type=0 insize=2285 outsize=1774 kw= pd=UNITY_NO_DXT5nm UNITY_ENABLE_REFLECTION_BUFFERS UNITY_NO_CUBEMAP_ARRAY UNITY_NO_SCREENSPACE_SHADOWS UNITY_PBS_USE_BRDF2 SHADER_API_DESKTOP UNITY_HARDWARE_TIER3 UNITY_COLORSPACE_GAMMA UNITY_LIGHTMAP_DLDR_ENCODING ok=1
Cmd: compileSnippet
  api=14 type=1 insize=2285 outsize=1046 kw= pd=UNITY_NO_DXT5nm UNITY_ENABLE_REFLECTION_BUFFERS UNITY_NO_CUBEMAP_ARRAY UNITY_NO_SCREENSPACE_SHADOWS UNITY_PBS_USE_BRDF2 SHADER_API_DESKTOP UNITY_HARDWARE_TIER3 UNITY_COLORSPACE_GAMMA UNITY_LIGHTMAP_DLDR_ENCODING ok=1
Cmd: compileSnippet
  api=14 type=0 insize=1278 outsize=2953 kw=UNITY_PASS_SHADOWCASTER SHADOWS_DEPTH pd=UNITY_NO_DXT5nm UNITY_ENABLE_REFLECTION_BUFFERS UNITY_NO_CUBEMAP_ARRAY UNITY_NO_SCREENSPACE_SHADOWS UNITY_PBS_USE_BRDF2 SHADER_API_DESKTOP UNITY_HARDWARE_TIER3 UNITY_COLORSPACE_GAMMA UNITY_LIGHTMAP_DLDR_ENCODING ok=1
Cmd: compileSnippet
  api=14 type=1 insize=1278 outsize=535 kw=UNITY_PASS_SHADOWCASTER SHADOWS_DEPTH pd=UNITY_NO_DXT5nm UNITY_ENABLE_REFLECTION_BUFFERS UNITY_NO_CUBEMAP_ARRAY UNITY_NO_SCREENSPACE_SHADOWS UNITY_PBS_USE_BRDF2 SHADER_API_DESKTOP UNITY_HARDWARE_TIER3 UNITY_COLORSPACE_GAMMA UNITY_LIGHTMAP_DLDR_ENCODING ok=1
Cmd: compileSnippet
  api=14 type=0 insize=1564 outsize=3914 kw=UNITY_PASS_FORWARDBASE DIRECTIONAL SHADOWS_SCREEN LIGHTPROBE_SH pd=UNITY_NO_DXT5nm UNITY_ENABLE_REFLECTION_BUFFERS UNITY_NO_CUBEMAP_ARRAY UNITY_NO_SCREENSPACE_SHADOWS UNITY_PBS_USE_BRDF2 SHADER_API_DESKTOP UNITY_HARDWARE_TIER3 UNITY_COLORSPACE_GAMMA UNITY_LIGHTMAP_DLDR_ENCODING ok=1
Cmd: compileSnippet
  api=14 type=1 insize=1564 outsize=8052 kw=UNITY_PASS_FORWARDBASE DIRECTIONAL SHADOWS_SCREEN LIGHTPROBE_SH pd=UNITY_NO_DXT5nm UNITY_ENABLE_REFLECTION_BUFFERS UNITY_NO_CUBEMAP_ARRAY UNITY_NO_SCREENSPACE_SHADOWS UNITY_PBS_USE_BRDF2 SHADER_API_DESKTOP UNITY_HARDWARE_TIER3 UNITY_COLORSPACE_GAMMA UNITY_LIGHTMAP_DLDR_ENCODING ok=1
Cmd: compileSnippet
  api=14 type=0 insize=1878 outsize=2437 kw= pd=UNITY_NO_DXT5nm UNITY_ENABLE_REFLECTION_BUFFERS UNITY_NO_CUBEMAP_ARRAY UNITY_NO_SCREENSPACE_SHADOWS UNITY_PBS_USE_BRDF2 SHADER_API_DESKTOP UNITY_HARDWARE_TIER3 UNITY_COLORSPACE_GAMMA UNITY_LIGHTMAP_DLDR_ENCODING ok=1
Cmd: compileSnippet
  api=14 type=1 insize=1878 outsize=1824 kw= pd=UNITY_NO_DXT5nm UNITY_ENABLE_REFLECTION_BUFFERS UNITY_NO_CUBEMAP_ARRAY UNITY_NO_SCREENSPACE_SHADOWS UNITY_PBS_USE_BRDF2 SHADER_API_DESKTOP UNITY_HARDWARE_TIER3 UNITY_COLORSPACE_GAMMA UNITY_LIGHTMAP_DLDR_ENCODING ok=1
Cmd: compileSnippet
  api=5 type=0 insize=1560 outsize=6421 kw=UNITY_PASS_FORWARDBASE DIRECTIONAL pd=UNITY_NO_DXT5nm UNITY_NO_RGBM UNITY_ENABLE_REFLECTION_BUFFERS UNITY_FRAMEBUFFER_FETCH_AVAILABLE UNITY_NO_CUBEMAP_ARRAY UNITY_NO_SCREENSPACE_SHADOWS UNITY_PBS_USE_BRDF3 UNITY_NO_FULL_STANDARD_SHADER SHADER_API_MOBILE UNITY_HARDWARE_TIER1 UNITY_COLORSPACE_GAMMA UNITY_HALF_PRECISION_FRAGMENT_SHADER_REGISTERS UNITY_LIGHTMAP_DLDR_ENCODING ok=1
Cmd: compileSnippet
  api=5 type=0 insize=1560 outsize=9068 kw=UNITY_PASS_FORWARDBASE DIRECTIONAL LIGHTPROBE_SH _ALPHAPREMULTIPLY_ON pd=UNITY_NO_DXT5nm UNITY_NO_RGBM UNITY_ENABLE_REFLECTION_BUFFERS UNITY_FRAMEBUFFER_FETCH_AVAILABLE UNITY_NO_CUBEMAP_ARRAY UNITY_NO_SCREENSPACE_SHADOWS UNITY_PBS_USE_BRDF2 SHADER_API_MOBILE UNITY_HARDWARE_TIER3 UNITY_COLORSPACE_GAMMA UNITY_HALF_PRECISION_FRAGMENT_SHADER_REGISTERS UNITY_LIGHTMAP_DLDR_ENCODING ok=1
Cmd: compileSnippet
  api=5 type=0 insize=1560 outsize=8950 kw=UNITY_PASS_FORWARDBASE DIRECTIONAL LIGHTPROBE_SH pd=UNITY_NO_DXT5nm UNITY_NO_RGBM UNITY_ENABLE_REFLECTION_BUFFERS UNITY_FRAMEBUFFER_FETCH_AVAILABLE UNITY_NO_CUBEMAP_ARRAY UNITY_NO_SCREENSPACE_SHADOWS UNITY_PBS_USE_BRDF2 SHADER_API_MOBILE UNITY_HARDWARE_TIER3 UNITY_COLORSPACE_GAMMA UNITY_HALF_PRECISION_FRAGMENT_SHADER_REGISTERS UNITY_LIGHTMAP_DLDR_ENCODING ok=1
Cmd: compileSnippet
  api=9 type=0 insize=1560 outsize=7452 kw=UNITY_PASS_FORWARDBASE DIRECTIONAL SHADOWS_SCREEN _ALPHAPREMULTIPLY_ON pd=UNITY_NO_DXT5nm UNITY_NO_RGBM UNITY_ENABLE_REFLECTION_BUFFERS UNITY_FRAMEBUFFER_FETCH_AVAILABLE UNITY_NO_CUBEMAP_ARRAY UNITY_NO_SCREENSPACE_SHADOWS UNITY_PBS_USE_BRDF3 UNITY_NO_FULL_STANDARD_SHADER SHADER_API_MOBILE UNITY_HARDWARE_TIER1 UNITY_COLORSPACE_GAMMA UNITY_LIGHTMAP_DLDR_ENCODING ok=1
Cmd: compileSnippet
  api=5 type=0 insize=1560 outsize=10771 kw=UNITY_PASS_FORWARDBASE DIRECTIONAL SHADOWS_SCREEN LIGHTPROBE_SH _ALPHAPREMULTIPLY_ON pd=UNITY_NO_DXT5nm UNITY_NO_RGBM UNITY_ENABLE_REFLECTION_BUFFERS UNITY_FRAMEBUFFER_FETCH_AVAILABLE UNITY_NO_CUBEMAP_ARRAY UNITY_NO_SCREENSPACE_SHADOWS UNITY_PBS_USE_BRDF2 SHADER_API_MOBILE UNITY_HARDWARE_TIER3 UNITY_COLORSPACE_GAMMA UNITY_HALF_PRECISION_FRAGMENT_SHADER_REGISTERS UNITY_LIGHTMAP_DLDR_ENCODING ok=1
Cmd: compileSnippet
  api=9 type=0 insize=1560 outsize=10971 kw=UNITY_PASS_FORWARDBASE DIRECTIONAL SHADOWS_SCREEN LIGHTPROBE_SH pd=UNITY_NO_DXT5nm UNITY_NO_RGBM UNITY_ENABLE_REFLECTION_BUFFERS UNITY_FRAMEBUFFER_FETCH_AVAILABLE UNITY_NO_CUBEMAP_ARRAY UNITY_NO_SCREENSPACE_SHADOWS UNITY_PBS_USE_BRDF2 SHADER_API_MOBILE UNITY_HARDWARE_TIER2 UNITY_COLORSPACE_GAMMA UNITY_LIGHTMAP_DLDR_ENCODING ok=1
Cmd: compileSnippet
  api=5 type=0 insize=1560 outsize=6421 kw=UNITY_PASS_FORWARDBASE DIRECTIONAL VERTEXLIGHT_ON pd=UNITY_NO_DXT5nm UNITY_NO_RGBM UNITY_ENABLE_REFLECTION_BUFFERS UNITY_FRAMEBUFFER_FETCH_AVAILABLE UNITY_NO_CUBEMAP_ARRAY UNITY_NO_SCREENSPACE_SHADOWS UNITY_PBS_USE_BRDF3 UNITY_NO_FULL_STANDARD_SHADER SHADER_API_MOBILE UNITY_HARDWARE_TIER1 UNITY_COLORSPACE_GAMMA UNITY_HALF_PRECISION_FRAGMENT_SHADER_REGISTERS UNITY_LIGHTMAP_DLDR_ENCODING ok=1
Cmd: compileSnippet
  api=5 type=0 insize=1560 outsize=10630 kw=UNITY_PASS_FORWARDBASE DIRECTIONAL LIGHTPROBE_SH VERTEXLIGHT_ON _ALPHAPREMULTIPLY_ON pd=UNITY_NO_DXT5nm UNITY_NO_RGBM UNITY_ENABLE_REFLECTION_BUFFERS UNITY_FRAMEBUFFER_FETCH_AVAILABLE UNITY_NO_CUBEMAP_ARRAY UNITY_NO_SCREENSPACE_SHADOWS UNITY_PBS_USE_BRDF2 SHADER_API_MOBILE UNITY_HARDWARE_TIER3 UNITY_COLORSPACE_GAMMA UNITY_HALF_PRECISION_FRAGMENT_SHADER_REGISTERS UNITY_LIGHTMAP_DLDR_ENCODING ok=1
Cmd: compileSnippet
  api=9 type=0 insize=1560 outsize=10614 kw=UNITY_PASS_FORWARDBASE DIRECTIONAL LIGHTPROBE_SH VERTEXLIGHT_ON pd=UNITY_NO_DXT5nm UNITY_NO_RGBM UNITY_ENABLE_REFLECTION_BUFFERS UNITY_FRAMEBUFFER_FETCH_AVAILABLE UNITY_NO_CUBEMAP_ARRAY UNITY_NO_SCREENSPACE_SHADOWS UNITY_PBS_USE_BRDF2 SHADER_API_MOBILE UNITY_HARDWARE_TIER2 UNITY_COLORSPACE_GAMMA UNITY_LIGHTMAP_DLDR_ENCODING ok=1
Cmd: compileSnippet
  api=9 type=0 insize=1560 outsize=9482 kw=UNITY_PASS_FORWARDBASE DIRECTIONAL SHADOWS_SCREEN VERTEXLIGHT_ON _ALPHAPREMULTIPLY_ON pd=UNITY_NO_DXT5nm UNITY_NO_RGBM UNITY_ENABLE_REFLECTION_BUFFERS UNITY_FRAMEBUFFER_FETCH_AVAILABLE UNITY_NO_CUBEMAP_ARRAY UNITY_NO_SCREENSPACE_SHADOWS UNITY_PBS_USE_BRDF2 SHADER_API_MOBILE UNITY_HARDWARE_TIER3 UNITY_COLORSPACE_GAMMA UNITY_LIGHTMAP_DLDR_ENCODING ok=1
Cmd: compileSnippet
  api=5 type=0 insize=1560 outsize=12333 kw=UNITY_PASS_FORWARDBASE DIRECTIONAL SHADOWS_SCREEN LIGHTPROBE_SH VERTEXLIGHT_ON _ALPHAPREMULTIPLY_ON pd=UNITY_NO_DXT5nm UNITY_NO_RGBM UNITY_ENABLE_REFLECTION_BUFFERS UNITY_FRAMEBUFFER_FETCH_AVAILABLE UNITY_NO_CUBEMAP_ARRAY UNITY_NO_SCREENSPACE_SHADOWS UNITY_PBS_USE_BRDF2 SHADER_API_MOBILE UNITY_HARDWARE_TIER2 UNITY_COLORSPACE_GAMMA UNITY_HALF_PRECISION_FRAGMENT_SHADER_REGISTERS UNITY_LIGHTMAP_DLDR_ENCODING ok=1
Cmd: compileSnippet
  api=9 type=0 insize=1560 outsize=10116 kw=UNITY_PASS_FORWARDBASE DIRECTIONAL SHADOWS_SCREEN LIGHTPROBE_SH VERTEXLIGHT_ON pd=UNITY_NO_DXT5nm UNITY_NO_RGBM UNITY_ENABLE_REFLECTION_BUFFERS UNITY_FRAMEBUFFER_FETCH_AVAILABLE UNITY_NO_CUBEMAP_ARRAY UNITY_NO_SCREENSPACE_SHADOWS UNITY_PBS_USE_BRDF3 UNITY_NO_FULL_STANDARD_SHADER SHADER_API_MOBILE UNITY_HARDWARE_TIER1 UNITY_COLORSPACE_GAMMA UNITY_LIGHTMAP_DLDR_ENCODING ok=1
Cmd: compileSnippet
  api=9 type=0 insize=1560 outsize=7684 kw=UNITY_PASS_FORWARDBASE DIRECTIONAL _ALPHAPREMULTIPLY_ON pd=UNITY_NO_DXT5nm UNITY_NO_RGBM UNITY_ENABLE_REFLECTION_BUFFERS UNITY_FRAMEBUFFER_FETCH_AVAILABLE UNITY_NO_CUBEMAP_ARRAY UNITY_NO_SCREENSPACE_SHADOWS UNITY_PBS_USE_BRDF2 SHADER_API_MOBILE UNITY_HARDWARE_TIER3 UNITY_COLORSPACE_GAMMA UNITY_LIGHTMAP_DLDR_ENCODING ok=1
Cmd: compileSnippet
  api=5 type=0 insize=1274 outsize=2531 kw=UNITY_PASS_SHADOWCASTER SHADOWS_DEPTH pd=UNITY_NO_DXT5nm UNITY_NO_RGBM UNITY_ENABLE_REFLECTION_BUFFERS UNITY_FRAMEBUFFER_FETCH_AVAILABLE UNITY_NO_CUBEMAP_ARRAY UNITY_NO_SCREENSPACE_SHADOWS UNITY_PBS_USE_BRDF2 SHADER_API_MOBILE UNITY_HARDWARE_TIER2 UNITY_COLORSPACE_GAMMA UNITY_HALF_PRECISION_FRAGMENT_SHADER_REGISTERS UNITY_LIGHTMAP_DLDR_ENCODING ok=1
Cmd: compileSnippet
  api=5 type=0 insize=1274 outsize=2986 kw=UNITY_PASS_SHADOWCASTER SHADOWS_CUBE _ALPHAPREMULTIPLY_ON pd=UNITY_NO_DXT5nm UNITY_NO_RGBM UNITY_ENABLE_REFLECTION_BUFFERS UNITY_FRAMEBUFFER_FETCH_AVAILABLE UNITY_NO_CUBEMAP_ARRAY UNITY_NO_SCREENSPACE_SHADOWS UNITY_PBS_USE_BRDF2 SHADER_API_MOBILE UNITY_HARDWARE_TIER3 UNITY_COLORSPACE_GAMMA UNITY_HALF_PRECISION_FRAGMENT_SHADER_REGISTERS UNITY_LIGHTMAP_DLDR_ENCODING ok=1
Cmd: compileSnippet
  api=9 type=0 insize=1274 outsize=2402 kw=UNITY_PASS_SHADOWCASTER SHADOWS_CUBE pd=UNITY_NO_DXT5nm UNITY_NO_RGBM UNITY_ENABLE_REFLECTION_BUFFERS UNITY_FRAMEBUFFER_FETCH_AVAILABLE UNITY_NO_CUBEMAP_ARRAY UNITY_NO_SCREENSPACE_SHADOWS UNITY_PBS_USE_BRDF2 SHADER_API_MOBILE UNITY_HARDWARE_TIER2 UNITY_COLORSPACE_GAMMA UNITY_LIGHTMAP_DLDR_ENCODING ok=1
Cmd: compileSnippet
  api=5 type=0 insize=1516 outsize=4217 kw=UNITY_PASS_DEFERRED pd=UNITY_NO_DXT5nm UNITY_NO_RGBM UNITY_ENABLE_REFLECTION_BUFFERS UNITY_FRAMEBUFFER_FETCH_AVAILABLE UNITY_NO_CUBEMAP_ARRAY UNITY_NO_SCREENSPACE_SHADOWS UNITY_PBS_USE_BRDF3 UNITY_NO_FULL_STANDARD_SHADER SHADER_API_MOBILE UNITY_HARDWARE_TIER1 UNITY_COLORSPACE_GAMMA UNITY_HALF_PRECISION_FRAGMENT_SHADER_REGISTERS UNITY_LIGHTMAP_DLDR_ENCODING ok=1
Cmd: compileSnippet
  api=9 type=0 insize=1516 outsize=5733 kw=UNITY_PASS_DEFERRED LIGHTPROBE_SH _ALPHAPREMULTIPLY_ON pd=UNITY_NO_DXT5nm UNITY_NO_RGBM UNITY_ENABLE_REFLECTION_BUFFERS UNITY_FRAMEBUFFER_FETCH_AVAILABLE UNITY_NO_CUBEMAP_ARRAY UNITY_NO_SCREENSPACE_SHADOWS UNITY_PBS_USE_BRDF3 UNITY_NO_FULL_STANDARD_SHADER SHADER_API_MOBILE UNITY_HARDWARE_TIER1 UNITY_COLORSPACE_GAMMA UNITY_LIGHTMAP_DLDR_ENCODING ok=1
Cmd: compileSnippet
  api=9 type=0 insize=1516 outsize=5689 kw=UNITY_PASS_DEFERRED LIGHTPROBE_SH pd=UNITY_NO_DXT5nm UNITY_NO_RGBM UNITY_ENABLE_REFLECTION_BUFFERS UNITY_FRAMEBUFFER_FETCH_AVAILABLE UNITY_NO_CUBEMAP_ARRAY UNITY_NO_SCREENSPACE_SHADOWS UNITY_PBS_USE_BRDF2 SHADER_API_MOBILE UNITY_HARDWARE_TIER2 UNITY_COLORSPACE_GAMMA UNITY_LIGHTMAP_DLDR_ENCODING ok=1
Cmd: compileSnippet
  api=5 type=0 insize=1516 outsize=4217 kw=UNITY_PASS_DEFERRED UNITY_HDR_ON pd=UNITY_NO_DXT5nm UNITY_NO_RGBM UNITY_ENABLE_REFLECTION_BUFFERS UNITY_FRAMEBUFFER_FETCH_AVAILABLE UNITY_NO_CUBEMAP_ARRAY UNITY_NO_SCREENSPACE_SHADOWS UNITY_PBS_USE_BRDF3 UNITY_NO_FULL_STANDARD_SHADER SHADER_API_MOBILE UNITY_HARDWARE_TIER1 UNITY_COLORSPACE_GAMMA UNITY_HALF_PRECISION_FRAGMENT_SHADER_REGISTERS UNITY_LIGHTMAP_DLDR_ENCODING ok=1
Cmd: compileSnippet
  api=5 type=0 insize=1516 outsize=5793 kw=UNITY_PASS_DEFERRED LIGHTPROBE_SH UNITY_HDR_ON _ALPHAPREMULTIPLY_ON pd=UNITY_NO_DXT5nm UNITY_NO_RGBM UNITY_ENABLE_REFLECTION_BUFFERS UNITY_FRAMEBUFFER_FETCH_AVAILABLE UNITY_NO_CUBEMAP_ARRAY UNITY_NO_SCREENSPACE_SHADOWS UNITY_PBS_USE_BRDF2 SHADER_API_MOBILE UNITY_HARDWARE_TIER3 UNITY_COLORSPACE_GAMMA UNITY_HALF_PRECISION_FRAGMENT_SHADER_REGISTERS UNITY_LIGHTMAP_DLDR_ENCODING ok=1
Cmd: compileSnippet
  api=9 type=0 insize=1516 outsize=5643 kw=UNITY_PASS_DEFERRED LIGHTPROBE_SH UNITY_HDR_ON pd=UNITY_NO_DXT5nm UNITY_NO_RGBM UNITY_ENABLE_REFLECTION_BUFFERS UNITY_FRAMEBUFFER_FETCH_AVAILABLE UNITY_NO_CUBEMAP_ARRAY UNITY_NO_SCREENSPACE_SHADOWS UNITY_PBS_USE_BRDF2 SHADER_API_MOBILE UNITY_HARDWARE_TIER2 UNITY_COLORSPACE_GAMMA UNITY_LIGHTMAP_DLDR_ENCODING ok=1
Cmd: compileSnippet
  api=5 type=0 insize=899 outsize=3214 kw=UNITY_PASS_META pd=UNITY_NO_DXT5nm UNITY_NO_RGBM UNITY_ENABLE_REFLECTION_BUFFERS UNITY_FRAMEBUFFER_FETCH_AVAILABLE UNITY_NO_CUBEMAP_ARRAY UNITY_NO_SCREENSPACE_SHADOWS UNITY_PBS_USE_BRDF3 UNITY_NO_FULL_STANDARD_SHADER SHADER_API_MOBILE UNITY_HARDWARE_TIER1 UNITY_COLORSPACE_GAMMA UNITY_HALF_PRECISION_FRAGMENT_SHADER_REGISTERS UNITY_LIGHTMAP_DLDR_ENCODING ok=1
Cmd: compileSnippet
  api=5 type=0 insize=1367 outsize=6045 kw=UNITY_PASS_FORWARDBASE DIRECTIONAL pd=UNITY_NO_DXT5nm UNITY_NO_RGBM UNITY_ENABLE_REFLECTION_BUFFERS UNITY_FRAMEBUFFER_FETCH_AVAILABLE UNITY_NO_CUBEMAP_ARRAY UNITY_NO_SCREENSPACE_SHADOWS UNITY_PBS_USE_BRDF3 UNITY_NO_FULL_STANDARD_SHADER SHADER_API_MOBILE UNITY_HARDWARE_TIER1 UNITY_COLORSPACE_GAMMA UNITY_HALF_PRECISION_FRAGMENT_SHADER_REGISTERS UNITY_LIGHTMAP_DLDR_ENCODING ok=1
Cmd: compileSnippet
  api=9 type=0 insize=1367 outsize=8071 kw=UNITY_PASS_FORWARDBASE DIRECTIONAL LIGHTPROBE_SH _ALPHAPREMULTIPLY_ON pd=UNITY_NO_DXT5nm UNITY_NO_RGBM UNITY_ENABLE_REFLECTION_BUFFERS UNITY_FRAMEBUFFER_FETCH_AVAILABLE UNITY_NO_CUBEMAP_ARRAY UNITY_NO_SCREENSPACE_SHADOWS UNITY_PBS_USE_BRDF2 SHADER_API_MOBILE UNITY_HARDWARE_TIER3 UNITY_COLORSPACE_GAMMA UNITY_LIGHTMAP_DLDR_ENCODING ok=1
Cmd: compileSnippet
  api=5 type=0 insize=1367 outsize=9237 kw=UNITY_PASS_FORWARDBASE DIRECTIONAL SHADOWS_SCREEN _ALPHAPREMULTIPLY_ON pd=UNITY_NO_DXT5nm UNITY_NO_RGBM UNITY_ENABLE_REFLECTION_BUFFERS UNITY_FRAMEBUFFER_FETCH_AVAILABLE UNITY_NO_CUBEMAP_ARRAY UNITY_NO_SCREENSPACE_SHADOWS UNITY_PBS_USE_BRDF2 SHADER_API_MOBILE UNITY_HARDWARE_TIER2 UNITY_COLORSPACE_GAMMA UNITY_HALF_PRECISION_FRAGMENT_SHADER_REGISTERS UNITY_LIGHTMAP_DLDR_ENCODING ok=1
Cmd: compileSnippet
  api=5 type=0 insize=1367 outsize=9167 kw=UNITY_PASS_FORWARDBASE DIRECTIONAL SHADOWS_SCREEN pd=UNITY_NO_DXT5nm UNITY_NO_RGBM UNITY_ENABLE_REFLECTION_BUFFERS UNITY_FRAMEBUFFER_FETCH_AVAILABLE UNITY_NO_CUBEMAP_ARRAY UNITY_NO_SCREENSPACE_SHADOWS UNITY_PBS_USE_BRDF2 SHADER_API_MOBILE UNITY_HARDWARE_TIER3 UNITY_COLORSPACE_GAMMA UNITY_HALF_PRECISION_FRAGMENT_SHADER_REGISTERS UNITY_LIGHTMAP_DLDR_ENCODING ok=1
Cmd: compileSnippet
  api=9 type=0 insize=1367 outsize=11014 kw=UNITY_PASS_FORWARDBASE DIRECTIONAL SHADOWS_SCREEN LIGHTPROBE_SH _ALPHAPREMULTIPLY_ON pd=UNITY_NO_DXT5nm UNITY_NO_RGBM UNITY_ENABLE_REFLECTION_BUFFERS UNITY_FRAMEBUFFER_FETCH_AVAILABLE UNITY_NO_CUBEMAP_ARRAY UNITY_NO_SCREENSPACE_SHADOWS UNITY_PBS_USE_BRDF2 SHADER_API_MOBILE UNITY_HARDWARE_TIER2 UNITY_COLORSPACE_GAMMA UNITY_LIGHTMAP_DLDR_ENCODING ok=1
Cmd: compileSnippet
  api=5 type=0 insize=1367 outsize=6098 kw=UNITY_PASS_FORWARDBASE DIRECTIONAL VERTEXLIGHT_ON _ALPHAPREMULTIPLY_ON pd=UNITY_NO_DXT5nm UNITY_NO_RGBM UNITY_ENABLE_REFLECTION_BUFFERS UNITY_FRAMEBUFFER_FETCH_AVAILABLE UNITY_NO_CUBEMAP_ARRAY UNITY_NO_SCREENSPACE_SHADOWS UNITY_PBS_USE_BRDF3 UNITY_NO_FULL_STANDARD_SHADER SHADER_API_MOBILE UNITY_HARDWARE_TIER1 UNITY_COLORSPACE_GAMMA UNITY_HALF_PRECISION_FRAGMENT_SHADER_REGISTERS UNITY_LIGHTMAP_DLDR_ENCODING ok=1
Cmd: compileSnippet
  api=5 type=0 insize=1367 outsize=6579 kw=UNITY_PASS_FORWARDBASE DIRECTIONAL VERTEXLIGHT_ON pd=UNITY_NO_DXT5nm UNITY_NO_RGBM UNITY_ENABLE_REFLECTION_BUFFERS UNITY_FRAMEBUFFER_FETCH_AVAILABLE UNITY_NO_CUBEMAP_ARRAY UNITY_NO_SCREENSPACE_SHADOWS UNITY_PBS_USE_BRDF2 SHADER_API_MOBILE UNITY_HARDWARE_TIER2 UNITY_COLORSPACE_GAMMA UNITY_HALF_PRECISION_FRAGMENT_SHADER_REGISTERS UNITY_LIGHTMAP_DLDR_ENCODING ok=1
Cmd: compileSnippet
  api=5 type=0 insize=1367 outsize=9429 kw=UNITY_PASS_FORWARDBASE DIRECTIONAL LIGHTPROBE_SH VERTEXLIGHT_ON _ALPHAPREMULTIPLY_ON pd=UNITY_NO_DXT5nm UNITY_NO_RGBM UNITY_ENABLE_REFLECTION_BUFFERS UNITY_FRAMEBUFFER_FETCH_AVAILABLE UNITY_NO_CUBEMAP_ARRAY UNITY_NO_SCREENSPACE_SHADOWS UNITY_PBS_USE_BRDF2 SHADER_API_MOBILE UNITY_HARDWARE_TIER3 UNITY_COLORSPACE_GAMMA UNITY_HALF_PRECISION_FRAGMENT_SHADER_REGISTERS UNITY_LIGHTMAP_DLDR_ENCODING ok=1
Cmd: compileSnippet
  api=9 type=0 insize=1367 outsize=9316 kw=UNITY_PASS_FORWARDBASE DIRECTIONAL LIGHTPROBE_SH VERTEXLIGHT_ON pd=UNITY_NO_DXT5nm UNITY_NO_RGBM UNITY_ENABLE_REFLECTION_BUFFERS UNITY_FRAMEBUFFER_FETCH_AVAILABLE UNITY_NO_CUBEMAP_ARRAY UNITY_NO_SCREENSPACE_SHADOWS UNITY_PBS_USE_BRDF2 SHADER_API_MOBILE UNITY_HARDWARE_TIER2 UNITY_COLORSPACE_GAMMA UNITY_LIGHTMAP_DLDR_ENCODING ok=1
Cmd: compileSnippet
  api=5 type=0 insize=1367 outsize=7381 kw=UNITY_PASS_FORWARDBASE DIRECTIONAL SHADOWS_SCREEN VERTEXLIGHT_ON pd=UNITY_NO_DXT5nm UNITY_NO_RGBM UNITY_ENABLE_REFLECTION_BUFFERS UNITY_FRAMEBUFFER_FETCH_AVAILABLE UNITY_NO_CUBEMAP_ARRAY UNITY_NO_SCREENSPACE_SHADOWS UNITY_PBS_USE_BRDF3 UNITY_NO_FULL_STANDARD_SHADER SHADER_API_MOBILE UNITY_HARDWARE_TIER1 UNITY_COLORSPACE_GAMMA UNITY_HALF_PRECISION_FRAGMENT_SHADER_REGISTERS UNITY_LIGHTMAP_DLDR_ENCODING ok=1
Cmd: compileSnippet
  api=9 type=0 insize=1367 outsize=12576 kw=UNITY_PASS_FORWARDBASE DIRECTIONAL SHADOWS_SCREEN LIGHTPROBE_SH VERTEXLIGHT_ON _ALPHAPREMULTIPLY_ON pd=UNITY_NO_DXT5nm UNITY_NO_RGBM UNITY_ENABLE_REFLECTION_BUFFERS UNITY_FRAMEBUFFER_FETCH_AVAILABLE UNITY_NO_CUBEMAP_ARRAY UNITY_NO_SCREENSPACE_SHADOWS UNITY_PBS_USE_BRDF2 SHADER_API_MOBILE UNITY_HARDWARE_TIER3 UNITY_COLORSPACE_GAMMA UNITY_LIGHTMAP_DLDR_ENCODING ok=1
Cmd: compileSnippet
  api=9 type=0 insize=1367 outsize=12533 kw=UNITY_PASS_FORWARDBASE DIRECTIONAL SHADOWS_SCREEN LIGHTPROBE_SH VERTEXLIGHT_ON pd=UNITY_NO_DXT5nm UNITY_NO_RGBM UNITY_ENABLE_REFLECTION_BUFFERS UNITY_FRAMEBUFFER_FETCH_AVAILABLE UNITY_NO_CUBEMAP_ARRAY UNITY_NO_SCREENSPACE_SHADOWS UNITY_PBS_USE_BRDF2 SHADER_API_MOBILE UNITY_HARDWARE_TIER3 UNITY_COLORSPACE_GAMMA UNITY_LIGHTMAP_DLDR_ENCODING ok=1
Cmd: compileSnippet
  api=5 type=0 insize=973 outsize=2642 kw=UNITY_PASS_SHADOWCASTER SHADOWS_CUBE _ALPHAPREMULTIPLY_ON pd=UNITY_NO_DXT5nm UNITY_NO_RGBM UNITY_ENABLE_REFLECTION_BUFFERS UNITY_FRAMEBUFFER_FETCH_AVAILABLE UNITY_NO_CUBEMAP_ARRAY UNITY_NO_SCREENSPACE_SHADOWS UNITY_PBS_USE_BRDF2 SHADER_API_MOBILE UNITY_HARDWARE_TIER2 UNITY_COLORSPACE_GAMMA UNITY_HALF_PRECISION_FRAGMENT_SHADER_REGISTERS UNITY_LIGHTMAP_DLDR_ENCODING ok=1
Cmd: compileSnippet
  api=9 type=0 insize=973 outsize=3021 kw=UNITY_PASS_SHADOWCASTER SHADOWS_CUBE _ALPHAPREMULTIPLY_ON pd=UNITY_NO_DXT5nm UNITY_NO_RGBM UNITY_ENABLE_REFLECTION_BUFFERS UNITY_FRAMEBUFFER_FETCH_AVAILABLE UNITY_NO_CUBEMAP_ARRAY UNITY_NO_SCREENSPACE_SHADOWS UNITY_PBS_USE_BRDF3 UNITY_NO_FULL_STANDARD_SHADER SHADER_API_MOBILE UNITY_HARDWARE_TIER1 UNITY_COLORSPACE_GAMMA UNITY_LIGHTMAP_DLDR_ENCODING ok=1
Cmd: compileSnippet
  api=9 type=0 insize=973 outsize=2402 kw=UNITY_PASS_SHADOWCASTER SHADOWS_CUBE pd=UNITY_NO_DXT5nm UNITY_NO_RGBM UNITY_ENABLE_REFLECTION_BUFFERS UNITY_FRAMEBUFFER_FETCH_AVAILABLE UNITY_NO_CUBEMAP_ARRAY UNITY_NO_SCREENSPACE_SHADOWS UNITY_PBS_USE_BRDF2 SHADER_API_MOBILE UNITY_HARDWARE_TIER3 UNITY_COLORSPACE_GAMMA UNITY_LIGHTMAP_DLDR_ENCODING ok=1
Cmd: compileSnippet
  api=5 type=0 insize=899 outsize=3214 kw=UNITY_PASS_META pd=UNITY_NO_DXT5nm UNITY_NO_RGBM UNITY_ENABLE_REFLECTION_BUFFERS UNITY_FRAMEBUFFER_FETCH_AVAILABLE UNITY_NO_CUBEMAP_ARRAY UNITY_NO_SCREENSPACE_SHADOWS UNITY_PBS_USE_BRDF3 UNITY_NO_FULL_STANDARD_SHADER SHADER_API_MOBILE UNITY_HARDWARE_TIER1 UNITY_COLORSPACE_GAMMA UNITY_HALF_PRECISION_FRAGMENT_SHADER_REGISTERS UNITY_LIGHTMAP_DLDR_ENCODING ok=1
Cmd: compileSnippet
  api=5 type=0 insize=5009 outsize=7844 kw= pd=UNITY_NO_DXT5nm UNITY_NO_RGBM UNITY_ENABLE_REFLECTION_BUFFERS UNITY_FRAMEBUFFER_FETCH_AVAILABLE UNITY_NO_CUBEMAP_ARRAY UNITY_NO_SCREENSPACE_SHADOWS UNITY_PBS_USE_BRDF3 UNITY_NO_FULL_STANDARD_SHADER SHADER_API_MOBILE UNITY_HARDWARE_TIER1 UNITY_COLORSPACE_GAMMA UNITY_HALF_PRECISION_FRAGMENT_SHADER_REGISTERS UNITY_LIGHTMAP_DLDR_ENCODING ok=1
Cmd: compileSnippet
  api=5 type=0 insize=5009 outsize=9030 kw=SPOT pd=UNITY_NO_DXT5nm UNITY_NO_RGBM UNITY_ENABLE_REFLECTION_BUFFERS UNITY_FRAMEBUFFER_FETCH_AVAILABLE UNITY_NO_CUBEMAP_ARRAY UNITY_NO_SCREENSPACE_SHADOWS UNITY_PBS_USE_BRDF2 SHADER_API_MOBILE UNITY_HARDWARE_TIER2 UNITY_COLORSPACE_GAMMA UNITY_HALF_PRECISION_FRAGMENT_SHADER_REGISTERS UNITY_LIGHTMAP_DLDR_ENCODING ok=1
Cmd: compileSnippet
  api=9 type=0 insize=5009 outsize=28937 kw=SPOT pd=UNITY_NO_DXT5nm UNITY_NO_RGBM UNITY_ENABLE_REFLECTION_BUFFERS UNITY_FRAMEBUFFER_FETCH_AVAILABLE UNITY_NO_CUBEMAP_ARRAY UNITY_NO_SCREENSPACE_SHADOWS UNITY_PBS_USE_BRDF2 SHADER_API_MOBILE UNITY_HARDWARE_TIER3 UNITY_COLORSPACE_GAMMA UNITY_LIGHTMAP_DLDR_ENCODING ok=1
Cmd: compileSnippet
  api=5 type=0 insize=2459 outsize=2129 kw= pd=UNITY_NO_DXT5nm UNITY_NO_RGBM UNITY_ENABLE_REFLECTION_BUFFERS UNITY_FRAMEBUFFER_FETCH_AVAILABLE UNITY_NO_CUBEMAP_ARRAY UNITY_NO_SCREENSPACE_SHADOWS UNITY_PBS_USE_BRDF3 UNITY_NO_FULL_STANDARD_SHADER SHADER_API_MOBILE UNITY_HARDWARE_TIER1 UNITY_COLORSPACE_GAMMA UNITY_HALF_PRECISION_FRAGMENT_SHADER_REGISTERS UNITY_LIGHTMAP_DLDR_ENCODING ok=1
Cmd: compileSnippet
  api=9 type=0 insize=944 outsize=2627 kw=UNITY_PASS_SHADOWCASTER SHADOWS_DEPTH pd=UNITY_NO_DXT5nm UNITY_NO_RGBM UNITY_ENABLE_REFLECTION_BUFFERS UNITY_FRAMEBUFFER_FETCH_AVAILABLE UNITY_NO_CUBEMAP_ARRAY UNITY_NO_SCREENSPACE_SHADOWS UNITY_PBS_USE_BRDF2 SHADER_API_MOBILE UNITY_HARDWARE_TIER3 UNITY_COLORSPACE_GAMMA UNITY_LIGHTMAP_DLDR_ENCODING ok=1
Cmd: compileSnippet
  api=5 type=0 insize=1278 outsize=2097 kw=UNITY_PASS_SHADOWCASTER SHADOWS_CUBE _METALLICGLOSSMAP pd=UNITY_NO_DXT5nm UNITY_NO_RGBM UNITY_ENABLE_REFLECTION_BUFFERS UNITY_FRAMEBUFFER_FETCH_AVAILABLE UNITY_NO_CUBEMAP_ARRAY UNITY_NO_SCREENSPACE_SHADOWS UNITY_PBS_USE_BRDF2 SHADER_API_MOBILE UNITY_HARDWARE_TIER2 UNITY_COLORSPACE_GAMMA UNITY_HALF_PRECISION_FRAGMENT_SHADER_REGISTERS UNITY_LIGHTMAP_DLDR_ENCODING ok=1
Cmd: compileSnippet
  api=5 type=0 insize=1278 outsize=2097 kw=UNITY_PASS_SHADOWCASTER SHADOWS_CUBE pd=UNITY_NO_DXT5nm UNITY_NO_RGBM UNITY_ENABLE_REFLECTION_BUFFERS UNITY_FRAMEBUFFER_FETCH_AVAILABLE UNITY_NO_CUBEMAP_ARRAY UNITY_NO_SCREENSPACE_SHADOWS UNITY_PBS_USE_BRDF2 SHADER_API_MOBILE UNITY_HARDWARE_TIER2 UNITY_COLORSPACE_GAMMA UNITY_HALF_PRECISION_FRAGMENT_SHADER_REGISTERS UNITY_LIGHTMAP_DLDR_ENCODING ok=1
Cmd: compileSnippet
  api=5 type=0 insize=1278 outsize=2531 kw=UNITY_PASS_SHADOWCASTER SHADOWS_DEPTH _METALLICGLOSSMAP pd=UNITY_NO_DXT5nm UNITY_NO_RGBM UNITY_ENABLE_REFLECTION_BUFFERS UNITY_FRAMEBUFFER_FETCH_AVAILABLE UNITY_NO_CUBEMAP_ARRAY UNITY_NO_SCREENSPACE_SHADOWS UNITY_PBS_USE_BRDF2 SHADER_API_MOBILE UNITY_HARDWARE_TIER3 UNITY_COLORSPACE_GAMMA UNITY_HALF_PRECISION_FRAGMENT_SHADER_REGISTERS UNITY_LIGHTMAP_DLDR_ENCODING ok=1
Cmd: compileSnippet
  api=5 type=0 insize=1520 outsize=6099 kw=UNITY_PASS_DEFERRED LIGHTPROBE_SH _METALLICGLOSSMAP pd=UNITY_NO_DXT5nm UNITY_NO_RGBM UNITY_ENABLE_REFLECTION_BUFFERS UNITY_FRAMEBUFFER_FETCH_AVAILABLE UNITY_NO_CUBEMAP_ARRAY UNITY_NO_SCREENSPACE_SHADOWS UNITY_PBS_USE_BRDF2 SHADER_API_MOBILE UNITY_HARDWARE_TIER2 UNITY_COLORSPACE_GAMMA UNITY_HALF_PRECISION_FRAGMENT_SHADER_REGISTERS UNITY_LIGHTMAP_DLDR_ENCODING ok=1
Cmd: compileSnippet
  api=9 type=0 insize=1520 outsize=5975 kw=UNITY_PASS_DEFERRED LIGHTPROBE_SH _METALLICGLOSSMAP pd=UNITY_NO_DXT5nm UNITY_NO_RGBM UNITY_ENABLE_REFLECTION_BUFFERS UNITY_FRAMEBUFFER_FETCH_AVAILABLE UNITY_NO_CUBEMAP_ARRAY UNITY_NO_SCREENSPACE_SHADOWS UNITY_PBS_USE_BRDF2 SHADER_API_MOBILE UNITY_HARDWARE_TIER2 UNITY_COLORSPACE_GAMMA UNITY_LIGHTMAP_DLDR_ENCODING ok=1
Cmd: compileSnippet
  api=5 type=0 insize=1520 outsize=5992 kw=UNITY_PASS_DEFERRED LIGHTPROBE_SH pd=UNITY_NO_DXT5nm UNITY_NO_RGBM UNITY_ENABLE_REFLECTION_BUFFERS UNITY_FRAMEBUFFER_FETCH_AVAILABLE UNITY_NO_CUBEMAP_ARRAY UNITY_NO_SCREENSPACE_SHADOWS UNITY_PBS_USE_BRDF3 UNITY_NO_FULL_STANDARD_SHADER SHADER_API_MOBILE UNITY_HARDWARE_TIER1 UNITY_COLORSPACE_GAMMA UNITY_HALF_PRECISION_FRAGMENT_SHADER_REGISTERS UNITY_LIGHTMAP_DLDR_ENCODING ok=1
Cmd: compileSnippet
  api=5 type=0 insize=1520 outsize=4463 kw=UNITY_PASS_DEFERRED UNITY_HDR_ON _METALLICGLOSSMAP pd=UNITY_NO_DXT5nm UNITY_NO_RGBM UNITY_ENABLE_REFLECTION_BUFFERS UNITY_FRAMEBUFFER_FETCH_AVAILABLE UNITY_NO_CUBEMAP_ARRAY UNITY_NO_SCREENSPACE_SHADOWS UNITY_PBS_USE_BRDF2 SHADER_API_MOBILE UNITY_HARDWARE_TIER3 UNITY_COLORSPACE_GAMMA UNITY_HALF_PRECISION_FRAGMENT_SHADER_REGISTERS UNITY_LIGHTMAP_DLDR_ENCODING ok=1
Cmd: compileSnippet
  api=9 type=0 insize=1520 outsize=5736 kw=UNITY_PASS_DEFERRED UNITY_HDR_ON _NORMALMAP _METALLICGLOSSMAP pd=UNITY_NO_DXT5nm UNITY_NO_RGBM UNITY_ENABLE_REFLECTION_BUFFERS UNITY_FRAMEBUFFER_FETCH_AVAILABLE UNITY_NO_CUBEMAP_ARRAY UNITY_NO_SCREENSPACE_SHADOWS UNITY_PBS_USE_BRDF2 SHADER_API_MOBILE UNITY_HARDWARE_TIER3 UNITY_COLORSPACE_GAMMA UNITY_LIGHTMAP_DLDR_ENCODING ok=1
Cmd: compileSnippet
  api=5 type=0 insize=1520 outsize=6053 kw=UNITY_PASS_DEFERRED LIGHTPROBE_SH UNITY_HDR_ON _METALLICGLOSSMAP pd=UNITY_NO_DXT5nm UNITY_NO_RGBM UNITY_ENABLE_REFLECTION_BUFFERS UNITY_FRAMEBUFFER_FETCH_AVAILABLE UNITY_NO_CUBEMAP_ARRAY UNITY_NO_SCREENSPACE_SHADOWS UNITY_PBS_USE_BRDF2 SHADER_API_MOBILE UNITY_HARDWARE_TIER3 UNITY_COLORSPACE_GAMMA UNITY_HALF_PRECISION_FRAGMENT_SHADER_REGISTERS UNITY_LIGHTMAP_DLDR_ENCODING ok=1
Cmd: compileSnippet
  api=9 type=0 insize=1520 outsize=7194 kw=UNITY_PASS_DEFERRED LIGHTPROBE_SH UNITY_HDR_ON _NORMALMAP _METALLICGLOSSMAP pd=UNITY_NO_DXT5nm UNITY_NO_RGBM UNITY_ENABLE_REFLECTION_BUFFERS UNITY_FRAMEBUFFER_FETCH_AVAILABLE UNITY_NO_CUBEMAP_ARRAY UNITY_NO_SCREENSPACE_SHADOWS UNITY_PBS_USE_BRDF2 SHADER_API_MOBILE UNITY_HARDWARE_TIER2 UNITY_COLORSPACE_GAMMA UNITY_LIGHTMAP_DLDR_ENCODING ok=1
Cmd: compileSnippet
  api=5 type=0 insize=1520 outsize=4463 kw=UNITY_PASS_DEFERRED _METALLICGLOSSMAP pd=UNITY_NO_DXT5nm UNITY_NO_RGBM UNITY_ENABLE_REFLECTION_BUFFERS UNITY_FRAMEBUFFER_FETCH_AVAILABLE UNITY_NO_CUBEMAP_ARRAY UNITY_NO_SCREENSPACE_SHADOWS UNITY_PBS_USE_BRDF3 UNITY_NO_FULL_STANDARD_SHADER SHADER_API_MOBILE UNITY_HARDWARE_TIER1 UNITY_COLORSPACE_GAMMA UNITY_HALF_PRECISION_FRAGMENT_SHADER_REGISTERS UNITY_LIGHTMAP_DLDR_ENCODING ok=1
Cmd: compileSnippet
  api=5 type=0 insize=1520 outsize=5852 kw=UNITY_PASS_DEFERRED _NORMALMAP _METALLICGLOSSMAP pd=UNITY_NO_DXT5nm UNITY_NO_RGBM UNITY_ENABLE_REFLECTION_BUFFERS UNITY_FRAMEBUFFER_FETCH_AVAILABLE UNITY_NO_CUBEMAP_ARRAY UNITY_NO_SCREENSPACE_SHADOWS UNITY_PBS_USE_BRDF3 UNITY_NO_FULL_STANDARD_SHADER SHADER_API_MOBILE UNITY_HARDWARE_TIER1 UNITY_COLORSPACE_GAMMA UNITY_HALF_PRECISION_FRAGMENT_SHADER_REGISTERS UNITY_LIGHTMAP_DLDR_ENCODING ok=1
Cmd: compileSnippet
  api=5 type=0 insize=903 outsize=3486 kw=UNITY_PASS_META pd=UNITY_NO_DXT5nm UNITY_NO_RGBM UNITY_ENABLE_REFLECTION_BUFFERS UNITY_FRAMEBUFFER_FETCH_AVAILABLE UNITY_NO_CUBEMAP_ARRAY UNITY_NO_SCREENSPACE_SHADOWS UNITY_PBS_USE_BRDF3 UNITY_NO_FULL_STANDARD_SHADER SHADER_API_MOBILE UNITY_HARDWARE_TIER1 UNITY_COLORSPACE_GAMMA UNITY_HALF_PRECISION_FRAGMENT_SHADER_REGISTERS UNITY_LIGHTMAP_DLDR_ENCODING ok=1
Cmd: compileSnippet
  api=5 type=0 insize=977 outsize=2097 kw=UNITY_PASS_SHADOWCASTER SHADOWS_CUBE _METALLICGLOSSMAP pd=UNITY_NO_DXT5nm UNITY_NO_RGBM UNITY_ENABLE_REFLECTION_BUFFERS UNITY_FRAMEBUFFER_FETCH_AVAILABLE UNITY_NO_CUBEMAP_ARRAY UNITY_NO_SCREENSPACE_SHADOWS UNITY_PBS_USE_BRDF2 SHADER_API_MOBILE UNITY_HARDWARE_TIER2 UNITY_COLORSPACE_GAMMA UNITY_HALF_PRECISION_FRAGMENT_SHADER_REGISTERS UNITY_LIGHTMAP_DLDR_ENCODING ok=1
Cmd: compileSnippet
  api=5 type=0 insize=977 outsize=2097 kw=UNITY_PASS_SHADOWCASTER SHADOWS_CUBE pd=UNITY_NO_DXT5nm UNITY_NO_RGBM UNITY_ENABLE_REFLECTION_BUFFERS UNITY_FRAMEBUFFER_FETCH_AVAILABLE UNITY_NO_CUBEMAP_ARRAY UNITY_NO_SCREENSPACE_SHADOWS UNITY_PBS_USE_BRDF3 UNITY_NO_FULL_STANDARD_SHADER SHADER_API_MOBILE UNITY_HARDWARE_TIER1 UNITY_COLORSPACE_GAMMA UNITY_HALF_PRECISION_FRAGMENT_SHADER_REGISTERS UNITY_LIGHTMAP_DLDR_ENCODING ok=1
Cmd: compileSnippet
  api=5 type=0 insize=977 outsize=2531 kw=UNITY_PASS_SHADOWCASTER SHADOWS_DEPTH _METALLICGLOSSMAP pd=UNITY_NO_DXT5nm UNITY_NO_RGBM UNITY_ENABLE_REFLECTION_BUFFERS UNITY_FRAMEBUFFER_FETCH_AVAILABLE UNITY_NO_CUBEMAP_ARRAY UNITY_NO_SCREENSPACE_SHADOWS UNITY_PBS_USE_BRDF2 SHADER_API_MOBILE UNITY_HARDWARE_TIER3 UNITY_COLORSPACE_GAMMA UNITY_HALF_PRECISION_FRAGMENT_SHADER_REGISTERS UNITY_LIGHTMAP_DLDR_ENCODING ok=1
Cmd: compileSnippet
  api=9 type=0 insize=903 outsize=3664 kw=UNITY_PASS_META pd=UNITY_NO_DXT5nm UNITY_NO_RGBM UNITY_ENABLE_REFLECTION_BUFFERS UNITY_FRAMEBUFFER_FETCH_AVAILABLE UNITY_NO_CUBEMAP_ARRAY UNITY_NO_SCREENSPACE_SHADOWS UNITY_PBS_USE_BRDF2 SHADER_API_MOBILE UNITY_HARDWARE_TIER3 UNITY_COLORSPACE_GAMMA UNITY_LIGHTMAP_DLDR_ENCODING ok=1
Cmd: compileSnippet
  api=9 type=0 insize=903 outsize=3763 kw=UNITY_PASS_META _METALLICGLOSSMAP pd=UNITY_NO_DXT5nm UNITY_NO_RGBM UNITY_ENABLE_REFLECTION_BUFFERS UNITY_FRAMEBUFFER_FETCH_AVAILABLE UNITY_NO_CUBEMAP_ARRAY UNITY_NO_SCREENSPACE_SHADOWS UNITY_PBS_USE_BRDF2 SHADER_API_MOBILE UNITY_HARDWARE_TIER3 UNITY_COLORSPACE_GAMMA UNITY_LIGHTMAP_DLDR_ENCODING ok=1
Cmd: compileSnippet
  api=5 type=1 insize=1560 outsize=0 kw=UNITY_PASS_FORWARDBASE DIRECTIONAL pd=UNITY_NO_DXT5nm UNITY_NO_RGBM UNITY_ENABLE_REFLECTION_BUFFERS UNITY_FRAMEBUFFER_FETCH_AVAILABLE UNITY_NO_CUBEMAP_ARRAY UNITY_NO_SCREENSPACE_SHADOWS UNITY_PBS_USE_BRDF2 SHADER_API_MOBILE UNITY_HARDWARE_TIER2 UNITY_COLORSPACE_GAMMA UNITY_HALF_PRECISION_FRAGMENT_SHADER_REGISTERS UNITY_LIGHTMAP_DLDR_ENCODING ok=1
Cmd: compileSnippet
  api=9 type=1 insize=1560 outsize=0 kw=UNITY_PASS_FORWARDBASE DIRECTIONAL LIGHTPROBE_SH _ALPHAPREMULTIPLY_ON pd=UNITY_NO_DXT5nm UNITY_NO_RGBM UNITY_ENABLE_REFLECTION_BUFFERS UNITY_FRAMEBUFFER_FETCH_AVAILABLE UNITY_NO_CUBEMAP_ARRAY UNITY_NO_SCREENSPACE_SHADOWS UNITY_PBS_USE_BRDF2 SHADER_API_MOBILE UNITY_HARDWARE_TIER3 UNITY_COLORSPACE_GAMMA UNITY_LIGHTMAP_DLDR_ENCODING ok=1
Cmd: compileSnippet
  api=5 type=1 insize=1560 outsize=0 kw=UNITY_PASS_FORWARDBASE DIRECTIONAL SHADOWS_SCREEN _ALPHAPREMULTIPLY_ON pd=UNITY_NO_DXT5nm UNITY_NO_RGBM UNITY_ENABLE_REFLECTION_BUFFERS UNITY_FRAMEBUFFER_FETCH_AVAILABLE UNITY_NO_CUBEMAP_ARRAY UNITY_NO_SCREENSPACE_SHADOWS UNITY_PBS_USE_BRDF2 SHADER_API_MOBILE UNITY_HARDWARE_TIER3 UNITY_COLORSPACE_GAMMA UNITY_HALF_PRECISION_FRAGMENT_SHADER_REGISTERS UNITY_LIGHTMAP_DLDR_ENCODING ok=1
Cmd: compileSnippet
  api=5 type=1 insize=1560 outsize=0 kw=UNITY_PASS_FORWARDBASE DIRECTIONAL SHADOWS_SCREEN pd=UNITY_NO_DXT5nm UNITY_NO_RGBM UNITY_ENABLE_REFLECTION_BUFFERS UNITY_FRAMEBUFFER_FETCH_AVAILABLE UNITY_NO_CUBEMAP_ARRAY UNITY_NO_SCREENSPACE_SHADOWS UNITY_PBS_USE_BRDF2 SHADER_API_MOBILE UNITY_HARDWARE_TIER3 UNITY_COLORSPACE_GAMMA UNITY_HALF_PRECISION_FRAGMENT_SHADER_REGISTERS UNITY_LIGHTMAP_DLDR_ENCODING ok=1
Cmd: compileSnippet
  api=5 type=1 insize=1560 outsize=0 kw=UNITY_PASS_FORWARDBASE DIRECTIONAL SHADOWS_SCREEN LIGHTPROBE_SH pd=UNITY_NO_DXT5nm UNITY_NO_RGBM UNITY_ENABLE_REFLECTION_BUFFERS UNITY_FRAMEBUFFER_FETCH_AVAILABLE UNITY_NO_CUBEMAP_ARRAY UNITY_NO_SCREENSPACE_SHADOWS UNITY_PBS_USE_BRDF2 SHADER_API_MOBILE UNITY_HARDWARE_TIER2 UNITY_COLORSPACE_GAMMA UNITY_HALF_PRECISION_FRAGMENT_SHADER_REGISTERS UNITY_LIGHTMAP_DLDR_ENCODING ok=1
Cmd: compileSnippet
  api=9 type=1 insize=1560 outsize=0 kw=UNITY_PASS_FORWARDBASE DIRECTIONAL _ALPHAPREMULTIPLY_ON pd=UNITY_NO_DXT5nm UNITY_NO_RGBM UNITY_ENABLE_REFLECTION_BUFFERS UNITY_FRAMEBUFFER_FETCH_AVAILABLE UNITY_NO_CUBEMAP_ARRAY UNITY_NO_SCREENSPACE_SHADOWS UNITY_PBS_USE_BRDF3 UNITY_NO_FULL_STANDARD_SHADER SHADER_API_MOBILE UNITY_HARDWARE_TIER1 UNITY_COLORSPACE_GAMMA UNITY_LIGHTMAP_DLDR_ENCODING ok=1
Cmd: compileSnippet
  api=5 type=1 insize=1274 outsize=0 kw=UNITY_PASS_SHADOWCASTER SHADOWS_DEPTH pd=UNITY_NO_DXT5nm UNITY_NO_RGBM UNITY_ENABLE_REFLECTION_BUFFERS UNITY_FRAMEBUFFER_FETCH_AVAILABLE UNITY_NO_CUBEMAP_ARRAY UNITY_NO_SCREENSPACE_SHADOWS UNITY_PBS_USE_BRDF3 UNITY_NO_FULL_STANDARD_SHADER SHADER_API_MOBILE UNITY_HARDWARE_TIER1 UNITY_COLORSPACE_GAMMA UNITY_HALF_PRECISION_FRAGMENT_SHADER_REGISTERS UNITY_LIGHTMAP_DLDR_ENCODING ok=1
Cmd: compileSnippet
  api=9 type=1 insize=1274 outsize=0 kw=UNITY_PASS_SHADOWCASTER SHADOWS_CUBE _ALPHAPREMULTIPLY_ON pd=UNITY_NO_DXT5nm UNITY_NO_RGBM UNITY_ENABLE_REFLECTION_BUFFERS UNITY_FRAMEBUFFER_FETCH_AVAILABLE UNITY_NO_CUBEMAP_ARRAY UNITY_NO_SCREENSPACE_SHADOWS UNITY_PBS_USE_BRDF2 SHADER_API_MOBILE UNITY_HARDWARE_TIER3 UNITY_COLORSPACE_GAMMA UNITY_LIGHTMAP_DLDR_ENCODING ok=1
Cmd: compileSnippet
  api=5 type=1 insize=1274 outsize=0 kw=UNITY_PASS_SHADOWCASTER SHADOWS_DEPTH _ALPHAPREMULTIPLY_ON pd=UNITY_NO_DXT5nm UNITY_NO_RGBM UNITY_ENABLE_REFLECTION_BUFFERS UNITY_FRAMEBUFFER_FETCH_AVAILABLE UNITY_NO_CUBEMAP_ARRAY UNITY_NO_SCREENSPACE_SHADOWS UNITY_PBS_USE_BRDF2 SHADER_API_MOBILE UNITY_HARDWARE_TIER3 UNITY_COLORSPACE_GAMMA UNITY_HALF_PRECISION_FRAGMENT_SHADER_REGISTERS UNITY_LIGHTMAP_DLDR_ENCODING ok=1
Cmd: compileSnippet
  api=9 type=1 insize=1516 outsize=0 kw=UNITY_PASS_DEFERRED pd=UNITY_NO_DXT5nm UNITY_NO_RGBM UNITY_ENABLE_REFLECTION_BUFFERS UNITY_FRAMEBUFFER_FETCH_AVAILABLE UNITY_NO_CUBEMAP_ARRAY UNITY_NO_SCREENSPACE_SHADOWS UNITY_PBS_USE_BRDF3 UNITY_NO_FULL_STANDARD_SHADER SHADER_API_MOBILE UNITY_HARDWARE_TIER1 UNITY_COLORSPACE_GAMMA UNITY_LIGHTMAP_DLDR_ENCODING ok=1
Cmd: compileSnippet
  api=5 type=1 insize=1516 outsize=0 kw=UNITY_PASS_DEFERRED LIGHTPROBE_SH pd=UNITY_NO_DXT5nm UNITY_NO_RGBM UNITY_ENABLE_REFLECTION_BUFFERS UNITY_FRAMEBUFFER_FETCH_AVAILABLE UNITY_NO_CUBEMAP_ARRAY UNITY_NO_SCREENSPACE_SHADOWS UNITY_PBS_USE_BRDF3 UNITY_NO_FULL_STANDARD_SHADER SHADER_API_MOBILE UNITY_HARDWARE_TIER1 UNITY_COLORSPACE_GAMMA UNITY_HALF_PRECISION_FRAGMENT_SHADER_REGISTERS UNITY_LIGHTMAP_DLDR_ENCODING ok=1
Cmd: compileSnippet
  api=5 type=1 insize=1516 outsize=0 kw=UNITY_PASS_DEFERRED UNITY_HDR_ON _ALPHAPREMULTIPLY_ON pd=UNITY_NO_DXT5nm UNITY_NO_RGBM UNITY_ENABLE_REFLECTION_BUFFERS UNITY_FRAMEBUFFER_FETCH_AVAILABLE UNITY_NO_CUBEMAP_ARRAY UNITY_NO_SCREENSPACE_SHADOWS UNITY_PBS_USE_BRDF3 UNITY_NO_FULL_STANDARD_SHADER SHADER_API_MOBILE UNITY_HARDWARE_TIER1 UNITY_COLORSPACE_GAMMA UNITY_HALF_PRECISION_FRAGMENT_SHADER_REGISTERS UNITY_LIGHTMAP_DLDR_ENCODING ok=1
Cmd: compileSnippet
  api=5 type=1 insize=1516 outsize=0 kw=UNITY_PASS_DEFERRED UNITY_HDR_ON pd=UNITY_NO_DXT5nm UNITY_NO_RGBM UNITY_ENABLE_REFLECTION_BUFFERS UNITY_FRAMEBUFFER_FETCH_AVAILABLE UNITY_NO_CUBEMAP_ARRAY UNITY_NO_SCREENSPACE_SHADOWS UNITY_PBS_USE_BRDF2 SHADER_API_MOBILE UNITY_HARDWARE_TIER3 UNITY_COLORSPACE_GAMMA UNITY_HALF_PRECISION_FRAGMENT_SHADER_REGISTERS UNITY_LIGHTMAP_DLDR_ENCODING ok=1
Cmd: compileSnippet
  api=9 type=1 insize=1516 outsize=0 kw=UNITY_PASS_DEFERRED LIGHTPROBE_SH UNITY_HDR_ON _ALPHAPREMULTIPLY_ON pd=UNITY_NO_DXT5nm UNITY_NO_RGBM UNITY_ENABLE_REFLECTION_BUFFERS UNITY_FRAMEBUFFER_FETCH_AVAILABLE UNITY_NO_CUBEMAP_ARRAY UNITY_NO_SCREENSPACE_SHADOWS UNITY_PBS_USE_BRDF2 SHADER_API_MOBILE UNITY_HARDWARE_TIER3 UNITY_COLORSPACE_GAMMA UNITY_LIGHTMAP_DLDR_ENCODING ok=1
Cmd: compileSnippet
  api=9 type=1 insize=1516 outsize=0 kw=UNITY_PASS_DEFERRED _ALPHAPREMULTIPLY_ON pd=UNITY_NO_DXT5nm UNITY_NO_RGBM UNITY_ENABLE_REFLECTION_BUFFERS UNITY_FRAMEBUFFER_FETCH_AVAILABLE UNITY_NO_CUBEMAP_ARRAY UNITY_NO_SCREENSPACE_SHADOWS UNITY_PBS_USE_BRDF3 UNITY_NO_FULL_STANDARD_SHADER SHADER_API_MOBILE UNITY_HARDWARE_TIER1 UNITY_COLORSPACE_GAMMA UNITY_LIGHTMAP_DLDR_ENCODING ok=1
Cmd: compileSnippet
  api=9 type=1 insize=1367 outsize=0 kw=UNITY_PASS_FORWARDBASE DIRECTIONAL pd=UNITY_NO_DXT5nm UNITY_NO_RGBM UNITY_ENABLE_REFLECTION_BUFFERS UNITY_FRAMEBUFFER_FETCH_AVAILABLE UNITY_NO_CUBEMAP_ARRAY UNITY_NO_SCREENSPACE_SHADOWS UNITY_PBS_USE_BRDF3 UNITY_NO_FULL_STANDARD_SHADER SHADER_API_MOBILE UNITY_HARDWARE_TIER1 UNITY_COLORSPACE_GAMMA UNITY_LIGHTMAP_DLDR_ENCODING ok=1
Cmd: compileSnippet
  api=5 type=1 insize=1367 outsize=0 kw=UNITY_PASS_FORWARDBASE DIRECTIONAL LIGHTPROBE_SH _ALPHAPREMULTIPLY_ON pd=UNITY_NO_DXT5nm UNITY_NO_RGBM UNITY_ENABLE_REFLECTION_BUFFERS UNITY_FRAMEBUFFER_FETCH_AVAILABLE UNITY_NO_CUBEMAP_ARRAY UNITY_NO_SCREENSPACE_SHADOWS UNITY_PBS_USE_BRDF2 SHADER_API_MOBILE UNITY_HARDWARE_TIER3 UNITY_COLORSPACE_GAMMA UNITY_HALF_PRECISION_FRAGMENT_SHADER_REGISTERS UNITY_LIGHTMAP_DLDR_ENCODING ok=1
Cmd: compileSnippet
  api=9 type=1 insize=1367 outsize=0 kw=UNITY_PASS_FORWARDBASE DIRECTIONAL LIGHTPROBE_SH pd=UNITY_NO_DXT5nm UNITY_NO_RGBM UNITY_ENABLE_REFLECTION_BUFFERS UNITY_FRAMEBUFFER_FETCH_AVAILABLE UNITY_NO_CUBEMAP_ARRAY UNITY_NO_SCREENSPACE_SHADOWS UNITY_PBS_USE_BRDF2 SHADER_API_MOBILE UNITY_HARDWARE_TIER3 UNITY_COLORSPACE_GAMMA UNITY_LIGHTMAP_DLDR_ENCODING ok=1
Cmd: compileSnippet
  api=5 type=1 insize=1367 outsize=0 kw=UNITY_PASS_FORWARDBASE DIRECTIONAL SHADOWS_SCREEN LIGHTPROBE_SH _ALPHAPREMULTIPLY_ON pd=UNITY_NO_DXT5nm UNITY_NO_RGBM UNITY_ENABLE_REFLECTION_BUFFERS UNITY_FRAMEBUFFER_FETCH_AVAILABLE UNITY_NO_CUBEMAP_ARRAY UNITY_NO_SCREENSPACE_SHADOWS UNITY_PBS_USE_BRDF3 UNITY_NO_FULL_STANDARD_SHADER SHADER_API_MOBILE UNITY_HARDWARE_TIER1 UNITY_COLORSPACE_GAMMA UNITY_HALF_PRECISION_FRAGMENT_SHADER_REGISTERS UNITY_LIGHTMAP_DLDR_ENCODING ok=1
Cmd: compileSnippet
  api=9 type=1 insize=1367 outsize=0 kw=UNITY_PASS_FORWARDBASE DIRECTIONAL SHADOWS_SCREEN LIGHTPROBE_SH pd=UNITY_NO_DXT5nm UNITY_NO_RGBM UNITY_ENABLE_REFLECTION_BUFFERS UNITY_FRAMEBUFFER_FETCH_AVAILABLE UNITY_NO_CUBEMAP_ARRAY UNITY_NO_SCREENSPACE_SHADOWS UNITY_PBS_USE_BRDF3 UNITY_NO_FULL_STANDARD_SHADER SHADER_API_MOBILE UNITY_HARDWARE_TIER1 UNITY_COLORSPACE_GAMMA UNITY_LIGHTMAP_DLDR_ENCODING ok=1
Cmd: compileSnippet
  api=5 type=1 insize=973 outsize=0 kw=UNITY_PASS_SHADOWCASTER SHADOWS_DEPTH pd=UNITY_NO_DXT5nm UNITY_NO_RGBM UNITY_ENABLE_REFLECTION_BUFFERS UNITY_FRAMEBUFFER_FETCH_AVAILABLE UNITY_NO_CUBEMAP_ARRAY UNITY_NO_SCREENSPACE_SHADOWS UNITY_PBS_USE_BRDF3 UNITY_NO_FULL_STANDARD_SHADER SHADER_API_MOBILE UNITY_HARDWARE_TIER1 UNITY_COLORSPACE_GAMMA UNITY_HALF_PRECISION_FRAGMENT_SHADER_REGISTERS UNITY_LIGHTMAP_DLDR_ENCODING ok=1
Cmd: compileSnippet
  api=9 type=1 insize=973 outsize=0 kw=UNITY_PASS_SHADOWCASTER SHADOWS_CUBE pd=UNITY_NO_DXT5nm UNITY_NO_RGBM UNITY_ENABLE_REFLECTION_BUFFERS UNITY_FRAMEBUFFER_FETCH_AVAILABLE UNITY_NO_CUBEMAP_ARRAY UNITY_NO_SCREENSPACE_SHADOWS UNITY_PBS_USE_BRDF3 UNITY_NO_FULL_STANDARD_SHADER SHADER_API_MOBILE UNITY_HARDWARE_TIER1 UNITY_COLORSPACE_GAMMA UNITY_LIGHTMAP_DLDR_ENCODING ok=1
Cmd: compileSnippet
  api=5 type=1 insize=1564 outsize=0 kw=UNITY_PASS_FORWARDBASE DIRECTIONAL pd=UNITY_NO_DXT5nm UNITY_NO_RGBM UNITY_ENABLE_REFLECTION_BUFFERS UNITY_FRAMEBUFFER_FETCH_AVAILABLE UNITY_NO_CUBEMAP_ARRAY UNITY_NO_SCREENSPACE_SHADOWS UNITY_PBS_USE_BRDF3 UNITY_NO_FULL_STANDARD_SHADER SHADER_API_MOBILE UNITY_HARDWARE_TIER1 UNITY_COLORSPACE_GAMMA UNITY_HALF_PRECISION_FRAGMENT_SHADER_REGISTERS UNITY_LIGHTMAP_DLDR_ENCODING ok=1
Cmd: compileSnippet
  api=9 type=1 insize=1564 outsize=0 kw=UNITY_PASS_FORWARDBASE DIRECTIONAL LIGHTPROBE_SH _NORMALMAP _METALLICGLOSSMAP pd=UNITY_NO_DXT5nm UNITY_NO_RGBM UNITY_ENABLE_REFLECTION_BUFFERS UNITY_FRAMEBUFFER_FETCH_AVAILABLE UNITY_NO_CUBEMAP_ARRAY UNITY_NO_SCREENSPACE_SHADOWS UNITY_PBS_USE_BRDF3 UNITY_NO_FULL_STANDARD_SHADER SHADER_API_MOBILE UNITY_HARDWARE_TIER1 UNITY_COLORSPACE_GAMMA UNITY_LIGHTMAP_DLDR_ENCODING ok=1
Cmd: compileSnippet
  api=5 type=1 insize=1564 outsize=0 kw=UNITY_PASS_FORWARDBASE DIRECTIONAL LIGHTPROBE_SH pd=UNITY_NO_DXT5nm UNITY_NO_RGBM UNITY_ENABLE_REFLECTION_BUFFERS UNITY_FRAMEBUFFER_FETCH_AVAILABLE UNITY_NO_CUBEMAP_ARRAY UNITY_NO_SCREENSPACE_SHADOWS UNITY_PBS_USE_BRDF2 SHADER_API_MOBILE UNITY_HARDWARE_TIER3 UNITY_COLORSPACE_GAMMA UNITY_HALF_PRECISION_FRAGMENT_SHADER_REGISTERS UNITY_LIGHTMAP_DLDR_ENCODING ok=1
Cmd: compileSnippet
  api=5 type=1 insize=1564 outsize=0 kw=UNITY_PASS_FORWARDBASE DIRECTIONAL SHADOWS_SCREEN _NORMALMAP _METALLICGLOSSMAP pd=UNITY_NO_DXT5nm UNITY_NO_RGBM UNITY_ENABLE_REFLECTION_BUFFERS UNITY_FRAMEBUFFER_FETCH_AVAILABLE UNITY_NO_CUBEMAP_ARRAY UNITY_NO_SCREENSPACE_SHADOWS UNITY_PBS_USE_BRDF2 SHADER_API_MOBILE UNITY_HARDWARE_TIER3 UNITY_COLORSPACE_GAMMA UNITY_HALF_PRECISION_FRAGMENT_SHADER_REGISTERS UNITY_LIGHTMAP_DLDR_ENCODING ok=1
Cmd: compileSnippet
  api=5 type=1 insize=1564 outsize=0 kw=UNITY_PASS_FORWARDBASE DIRECTIONAL SHADOWS_SCREEN LIGHTPROBE_SH _METALLICGLOSSMAP pd=UNITY_NO_DXT5nm UNITY_NO_RGBM UNITY_ENABLE_REFLECTION_BUFFERS UNITY_FRAMEBUFFER_FETCH_AVAILABLE UNITY_NO_CUBEMAP_ARRAY UNITY_NO_SCREENSPACE_SHADOWS UNITY_PBS_USE_BRDF3 UNITY_NO_FULL_STANDARD_SHADER SHADER_API_MOBILE UNITY_HARDWARE_TIER1 UNITY_COLORSPACE_GAMMA UNITY_HALF_PRECISION_FRAGMENT_SHADER_REGISTERS UNITY_LIGHTMAP_DLDR_ENCODING ok=1
Cmd: compileSnippet
  api=5 type=1 insize=1564 outsize=0 kw=UNITY_PASS_FORWARDBASE DIRECTIONAL SHADOWS_SCREEN LIGHTPROBE_SH pd=UNITY_NO_DXT5nm UNITY_NO_RGBM UNITY_ENABLE_REFLECTION_BUFFERS UNITY_FRAMEBUFFER_FETCH_AVAILABLE UNITY_NO_CUBEMAP_ARRAY UNITY_NO_SCREENSPACE_SHADOWS UNITY_PBS_USE_BRDF3 UNITY_NO_FULL_STANDARD_SHADER SHADER_API_MOBILE UNITY_HARDWARE_TIER1 UNITY_COLORSPACE_GAMMA UNITY_HALF_PRECISION_FRAGMENT_SHADER_REGISTERS UNITY_LIGHTMAP_DLDR_ENCODING ok=1
Cmd: compileSnippet
  api=9 type=1 insize=1564 outsize=0 kw=UNITY_PASS_FORWARDBASE DIRECTIONAL _METALLICGLOSSMAP pd=UNITY_NO_DXT5nm UNITY_NO_RGBM UNITY_ENABLE_REFLECTION_BUFFERS UNITY_FRAMEBUFFER_FETCH_AVAILABLE UNITY_NO_CUBEMAP_ARRAY UNITY_NO_SCREENSPACE_SHADOWS UNITY_PBS_USE_BRDF2 SHADER_API_MOBILE UNITY_HARDWARE_TIER2 UNITY_COLORSPACE_GAMMA UNITY_LIGHTMAP_DLDR_ENCODING ok=1
Cmd: compileSnippet
  api=5 type=1 insize=1278 outsize=0 kw=UNITY_PASS_SHADOWCASTER SHADOWS_CUBE _METALLICGLOSSMAP pd=UNITY_NO_DXT5nm UNITY_NO_RGBM UNITY_ENABLE_REFLECTION_BUFFERS UNITY_FRAMEBUFFER_FETCH_AVAILABLE UNITY_NO_CUBEMAP_ARRAY UNITY_NO_SCREENSPACE_SHADOWS UNITY_PBS_USE_BRDF2 SHADER_API_MOBILE UNITY_HARDWARE_TIER2 UNITY_COLORSPACE_GAMMA UNITY_HALF_PRECISION_FRAGMENT_SHADER_REGISTERS UNITY_LIGHTMAP_DLDR_ENCODING ok=1
Cmd: compileSnippet
  api=9 type=1 insize=1278 outsize=0 kw=UNITY_PASS_SHADOWCASTER SHADOWS_CUBE pd=UNITY_NO_DXT5nm UNITY_NO_RGBM UNITY_ENABLE_REFLECTION_BUFFERS UNITY_FRAMEBUFFER_FETCH_AVAILABLE UNITY_NO_CUBEMAP_ARRAY UNITY_NO_SCREENSPACE_SHADOWS UNITY_PBS_USE_BRDF3 UNITY_NO_FULL_STANDARD_SHADER SHADER_API_MOBILE UNITY_HARDWARE_TIER1 UNITY_COLORSPACE_GAMMA UNITY_LIGHTMAP_DLDR_ENCODING ok=1
Cmd: compileSnippet
  api=9 type=1 insize=1278 outsize=0 kw=UNITY_PASS_SHADOWCASTER SHADOWS_DEPTH _METALLICGLOSSMAP pd=UNITY_NO_DXT5nm UNITY_NO_RGBM UNITY_ENABLE_REFLECTION_BUFFERS UNITY_FRAMEBUFFER_FETCH_AVAILABLE UNITY_NO_CUBEMAP_ARRAY UNITY_NO_SCREENSPACE_SHADOWS UNITY_PBS_USE_BRDF2 SHADER_API_MOBILE UNITY_HARDWARE_TIER3 UNITY_COLORSPACE_GAMMA UNITY_LIGHTMAP_DLDR_ENCODING ok=1
Cmd: compileSnippet
  api=5 type=1 insize=1520 outsize=0 kw=UNITY_PASS_DEFERRED LIGHTPROBE_SH _METALLICGLOSSMAP pd=UNITY_NO_DXT5nm UNITY_NO_RGBM UNITY_ENABLE_REFLECTION_BUFFERS UNITY_FRAMEBUFFER_FETCH_AVAILABLE UNITY_NO_CUBEMAP_ARRAY UNITY_NO_SCREENSPACE_SHADOWS UNITY_PBS_USE_BRDF2 SHADER_API_MOBILE UNITY_HARDWARE_TIER2 UNITY_COLORSPACE_GAMMA UNITY_HALF_PRECISION_FRAGMENT_SHADER_REGISTERS UNITY_LIGHTMAP_DLDR_ENCODING ok=1
Cmd: compileSnippet
  api=9 type=1 insize=1520 outsize=0 kw=UNITY_PASS_DEFERRED LIGHTPROBE_SH _NORMALMAP _METALLICGLOSSMAP pd=UNITY_NO_DXT5nm UNITY_NO_RGBM UNITY_ENABLE_REFLECTION_BUFFERS UNITY_FRAMEBUFFER_FETCH_AVAILABLE UNITY_NO_CUBEMAP_ARRAY UNITY_NO_SCREENSPACE_SHADOWS UNITY_PBS_USE_BRDF3 UNITY_NO_FULL_STANDARD_SHADER SHADER_API_MOBILE UNITY_HARDWARE_TIER1 UNITY_COLORSPACE_GAMMA UNITY_LIGHTMAP_DLDR_ENCODING ok=1
Cmd: compileSnippet
  api=9 type=1 insize=1520 outsize=0 kw=UNITY_PASS_DEFERRED LIGHTPROBE_SH pd=UNITY_NO_DXT5nm UNITY_NO_RGBM UNITY_ENABLE_REFLECTION_BUFFERS UNITY_FRAMEBUFFER_FETCH_AVAILABLE UNITY_NO_CUBEMAP_ARRAY UNITY_NO_SCREENSPACE_SHADOWS UNITY_PBS_USE_BRDF2 SHADER_API_MOBILE UNITY_HARDWARE_TIER3 UNITY_COLORSPACE_GAMMA UNITY_LIGHTMAP_DLDR_ENCODING ok=1
Cmd: compileSnippet
  api=5 type=1 insize=1520 outsize=0 kw=UNITY_PASS_DEFERRED UNITY_HDR_ON _NORMALMAP _METALLICGLOSSMAP pd=UNITY_NO_DXT5nm UNITY_NO_RGBM UNITY_ENABLE_REFLECTION_BUFFERS UNITY_FRAMEBUFFER_FETCH_AVAILABLE UNITY_NO_CUBEMAP_ARRAY UNITY_NO_SCREENSPACE_SHADOWS UNITY_PBS_USE_BRDF2 SHADER_API_MOBILE UNITY_HARDWARE_TIER2 UNITY_COLORSPACE_GAMMA UNITY_HALF_PRECISION_FRAGMENT_SHADER_REGISTERS UNITY_LIGHTMAP_DLDR_ENCODING ok=1
Cmd: compileSnippet
  api=9 type=1 insize=1520 outsize=0 kw=UNITY_PASS_DEFERRED UNITY_HDR_ON pd=UNITY_NO_DXT5nm UNITY_NO_RGBM UNITY_ENABLE_REFLECTION_BUFFERS UNITY_FRAMEBUFFER_FETCH_AVAILABLE UNITY_NO_CUBEMAP_ARRAY UNITY_NO_SCREENSPACE_SHADOWS UNITY_PBS_USE_BRDF2 SHADER_API_MOBILE UNITY_HARDWARE_TIER3 UNITY_COLORSPACE_GAMMA UNITY_LIGHTMAP_DLDR_ENCODING ok=1
Cmd: compileSnippet
  api=5 type=1 insize=1520 outsize=0 kw=UNITY_PASS_DEFERRED LIGHTPROBE_SH UNITY_HDR_ON _NORMALMAP _METALLICGLOSSMAP pd=UNITY_NO_DXT5nm UNITY_NO_RGBM UNITY_ENABLE_REFLECTION_BUFFERS UNITY_FRAMEBUFFER_FETCH_AVAILABLE UNITY_NO_CUBEMAP_ARRAY UNITY_NO_SCREENSPACE_SHADOWS UNITY_PBS_USE_BRDF2 SHADER_API_MOBILE UNITY_HARDWARE_TIER3 UNITY_COLORSPACE_GAMMA UNITY_HALF_PRECISION_FRAGMENT_SHADER_REGISTERS UNITY_LIGHTMAP_DLDR_ENCODING ok=1
Cmd: compileSnippet
  api=5 type=1 insize=1520 outsize=0 kw=UNITY_PASS_DEFERRED _METALLICGLOSSMAP pd=UNITY_NO_DXT5nm UNITY_NO_RGBM UNITY_ENABLE_REFLECTION_BUFFERS UNITY_FRAMEBUFFER_FETCH_AVAILABLE UNITY_NO_CUBEMAP_ARRAY UNITY_NO_SCREENSPACE_SHADOWS UNITY_PBS_USE_BRDF2 SHADER_API_MOBILE UNITY_HARDWARE_TIER2 UNITY_COLORSPACE_GAMMA UNITY_HALF_PRECISION_FRAGMENT_SHADER_REGISTERS UNITY_LIGHTMAP_DLDR_ENCODING ok=1
Cmd: compileSnippet
  api=9 type=1 insize=1520 outsize=0 kw=UNITY_PASS_DEFERRED _NORMALMAP _METALLICGLOSSMAP pd=UNITY_NO_DXT5nm UNITY_NO_RGBM UNITY_ENABLE_REFLECTION_BUFFERS UNITY_FRAMEBUFFER_FETCH_AVAILABLE UNITY_NO_CUBEMAP_ARRAY UNITY_NO_SCREENSPACE_SHADOWS UNITY_PBS_USE_BRDF3 UNITY_NO_FULL_STANDARD_SHADER SHADER_API_MOBILE UNITY_HARDWARE_TIER1 UNITY_COLORSPACE_GAMMA UNITY_LIGHTMAP_DLDR_ENCODING ok=1
Cmd: compileSnippet
  api=5 type=1 insize=1368 outsize=0 kw=UNITY_PASS_FORWARDBASE DIRECTIONAL LIGHTPROBE_SH _METALLICGLOSSMAP pd=UNITY_NO_DXT5nm UNITY_NO_RGBM UNITY_ENABLE_REFLECTION_BUFFERS UNITY_FRAMEBUFFER_FETCH_AVAILABLE UNITY_NO_CUBEMAP_ARRAY UNITY_NO_SCREENSPACE_SHADOWS UNITY_PBS_USE_BRDF2 SHADER_API_MOBILE UNITY_HARDWARE_TIER2 UNITY_COLORSPACE_GAMMA UNITY_HALF_PRECISION_FRAGMENT_SHADER_REGISTERS UNITY_LIGHTMAP_DLDR_ENCODING ok=1
Cmd: compileSnippet
  api=9 type=1 insize=1368 outsize=0 kw=UNITY_PASS_FORWARDBASE DIRECTIONAL LIGHTPROBE_SH _NORMALMAP _METALLICGLOSSMAP pd=UNITY_NO_DXT5nm UNITY_NO_RGBM UNITY_ENABLE_REFLECTION_BUFFERS UNITY_FRAMEBUFFER_FETCH_AVAILABLE UNITY_NO_CUBEMAP_ARRAY UNITY_NO_SCREENSPACE_SHADOWS UNITY_PBS_USE_BRDF3 UNITY_NO_FULL_STANDARD_SHADER SHADER_API_MOBILE UNITY_HARDWARE_TIER1 UNITY_COLORSPACE_GAMMA UNITY_LIGHTMAP_DLDR_ENCODING ok=1
Cmd: compileSnippet
  api=9 type=1 insize=1368 outsize=0 kw=UNITY_PASS_FORWARDBASE DIRECTIONAL LIGHTPROBE_SH pd=UNITY_NO_DXT5nm UNITY_NO_RGBM UNITY_ENABLE_REFLECTION_BUFFERS UNITY_FRAMEBUFFER_FETCH_AVAILABLE UNITY_NO_CUBEMAP_ARRAY UNITY_NO_SCREENSPACE_SHADOWS UNITY_PBS_USE_BRDF2 SHADER_API_MOBILE UNITY_HARDWARE_TIER3 UNITY_COLORSPACE_GAMMA UNITY_LIGHTMAP_DLDR_ENCODING ok=1
Cmd: compileSnippet
  api=5 type=1 insize=1368 outsize=0 kw=UNITY_PASS_FORWARDBASE DIRECTIONAL SHADOWS_SCREEN _NORMALMAP _METALLICGLOSSMAP pd=UNITY_NO_DXT5nm UNITY_NO_RGBM UNITY_ENABLE_REFLECTION_BUFFERS UNITY_FRAMEBUFFER_FETCH_AVAILABLE UNITY_NO_CUBEMAP_ARRAY UNITY_NO_SCREENSPACE_SHADOWS UNITY_PBS_USE_BRDF2 SHADER_API_MOBILE UNITY_HARDWARE_TIER2 UNITY_COLORSPACE_GAMMA UNITY_HALF_PRECISION_FRAGMENT_SHADER_REGISTERS UNITY_LIGHTMAP_DLDR_ENCODING ok=1
Cmd: compileSnippet
  api=9 type=1 insize=1368 outsize=0 kw=UNITY_PASS_FORWARDBASE DIRECTIONAL SHADOWS_SCREEN pd=UNITY_NO_DXT5nm UNITY_NO_RGBM UNITY_ENABLE_REFLECTION_BUFFERS UNITY_FRAMEBUFFER_FETCH_AVAILABLE UNITY_NO_CUBEMAP_ARRAY UNITY_NO_SCREENSPACE_SHADOWS UNITY_PBS_USE_BRDF3 UNITY_NO_FULL_STANDARD_SHADER SHADER_API_MOBILE UNITY_HARDWARE_TIER1 UNITY_COLORSPACE_GAMMA UNITY_LIGHTMAP_DLDR_ENCODING ok=1
Cmd: compileSnippet
  api=9 type=1 insize=1368 outsize=0 kw=UNITY_PASS_FORWARDBASE DIRECTIONAL SHADOWS_SCREEN LIGHTPROBE_SH _METALLICGLOSSMAP pd=UNITY_NO_DXT5nm UNITY_NO_RGBM UNITY_ENABLE_REFLECTION_BUFFERS UNITY_FRAMEBUFFER_FETCH_AVAILABLE UNITY_NO_CUBEMAP_ARRAY UNITY_NO_SCREENSPACE_SHADOWS UNITY_PBS_USE_BRDF2 SHADER_API_MOBILE UNITY_HARDWARE_TIER2 UNITY_COLORSPACE_GAMMA UNITY_LIGHTMAP_DLDR_ENCODING ok=1
Cmd: compileSnippet
  api=9 type=1 insize=1368 outsize=0 kw=UNITY_PASS_FORWARDBASE DIRECTIONAL SHADOWS_SCREEN LIGHTPROBE_SH _NORMALMAP _METALLICGLOSSMAP pd=UNITY_NO_DXT5nm UNITY_NO_RGBM UNITY_ENABLE_REFLECTION_BUFFERS UNITY_FRAMEBUFFER_FETCH_AVAILABLE UNITY_NO_CUBEMAP_ARRAY UNITY_NO_SCREENSPACE_SHADOWS UNITY_PBS_USE_BRDF3 UNITY_NO_FULL_STANDARD_SHADER SHADER_API_MOBILE UNITY_HARDWARE_TIER1 UNITY_COLORSPACE_GAMMA UNITY_LIGHTMAP_DLDR_ENCODING ok=1
Cmd: compileSnippet
  api=5 type=1 insize=1368 outsize=0 kw=UNITY_PASS_FORWARDBASE DIRECTIONAL _METALLICGLOSSMAP pd=UNITY_NO_DXT5nm UNITY_NO_RGBM UNITY_ENABLE_REFLECTION_BUFFERS UNITY_FRAMEBUFFER_FETCH_AVAILABLE UNITY_NO_CUBEMAP_ARRAY UNITY_NO_SCREENSPACE_SHADOWS UNITY_PBS_USE_BRDF2 SHADER_API_MOBILE UNITY_HARDWARE_TIER3 UNITY_COLORSPACE_GAMMA UNITY_HALF_PRECISION_FRAGMENT_SHADER_REGISTERS UNITY_LIGHTMAP_DLDR_ENCODING ok=1
Cmd: compileSnippet
  api=9 type=1 insize=977 outsize=0 kw=UNITY_PASS_SHADOWCASTER SHADOWS_DEPTH pd=UNITY_NO_DXT5nm UNITY_NO_RGBM UNITY_ENABLE_REFLECTION_BUFFERS UNITY_FRAMEBUFFER_FETCH_AVAILABLE UNITY_NO_CUBEMAP_ARRAY UNITY_NO_SCREENSPACE_SHADOWS UNITY_PBS_USE_BRDF3 UNITY_NO_FULL_STANDARD_SHADER SHADER_API_MOBILE UNITY_HARDWARE_TIER1 UNITY_COLORSPACE_GAMMA UNITY_LIGHTMAP_DLDR_ENCODING ok=1
Cmd: compileSnippet
  api=9 type=1 insize=977 outsize=0 kw=UNITY_PASS_SHADOWCASTER SHADOWS_CUBE pd=UNITY_NO_DXT5nm UNITY_NO_RGBM UNITY_ENABLE_REFLECTION_BUFFERS UNITY_FRAMEBUFFER_FETCH_AVAILABLE UNITY_NO_CUBEMAP_ARRAY UNITY_NO_SCREENSPACE_SHADOWS UNITY_PBS_USE_BRDF3 UNITY_NO_FULL_STANDARD_SHADER SHADER_API_MOBILE UNITY_HARDWARE_TIER1 UNITY_COLORSPACE_GAMMA UNITY_LIGHTMAP_DLDR_ENCODING ok=1
Cmd: compileSnippet
  api=9 type=1 insize=977 outsize=0 kw=UNITY_PASS_SHADOWCASTER SHADOWS_DEPTH _METALLICGLOSSMAP pd=UNITY_NO_DXT5nm UNITY_NO_RGBM UNITY_ENABLE_REFLECTION_BUFFERS UNITY_FRAMEBUFFER_FETCH_AVAILABLE UNITY_NO_CUBEMAP_ARRAY UNITY_NO_SCREENSPACE_SHADOWS UNITY_PBS_USE_BRDF2 SHADER_API_MOBILE UNITY_HARDWARE_TIER3 UNITY_COLORSPACE_GAMMA UNITY_LIGHTMAP_DLDR_ENCODING ok=1
Cmd: compileSnippet
  api=5 type=0 insize=16605 outsize=9813 kw=_SUNDISK_NONE pd=UNITY_NO_DXT5nm UNITY_NO_RGBM UNITY_ENABLE_REFLECTION_BUFFERS UNITY_FRAMEBUFFER_FETCH_AVAILABLE UNITY_NO_CUBEMAP_ARRAY UNITY_NO_SCREENSPACE_SHADOWS UNITY_PBS_USE_BRDF2 SHADER_API_MOBILE UNITY_HARDWARE_TIER2 UNITY_COLORSPACE_GAMMA UNITY_HALF_PRECISION_FRAGMENT_SHADER_REGISTERS UNITY_LIGHTMAP_DLDR_ENCODING ok=1
Cmd: compileSnippet
  api=9 type=0 insize=16605 outsize=11562 kw=_SUNDISK_SIMPLE pd=UNITY_NO_DXT5nm UNITY_NO_RGBM UNITY_ENABLE_REFLECTION_BUFFERS UNITY_FRAMEBUFFER_FETCH_AVAILABLE UNITY_NO_CUBEMAP_ARRAY UNITY_NO_SCREENSPACE_SHADOWS UNITY_PBS_USE_BRDF2 SHADER_API_MOBILE UNITY_HARDWARE_TIER2 UNITY_COLORSPACE_GAMMA UNITY_LIGHTMAP_DLDR_ENCODING ok=1
Cmd: compileSnippet
  api=5 type=1 insize=16605 outsize=0 kw=_SUNDISK_NONE pd=UNITY_NO_DXT5nm UNITY_NO_RGBM UNITY_ENABLE_REFLECTION_BUFFERS UNITY_FRAMEBUFFER_FETCH_AVAILABLE UNITY_NO_CUBEMAP_ARRAY UNITY_NO_SCREENSPACE_SHADOWS UNITY_PBS_USE_BRDF3 UNITY_NO_FULL_STANDARD_SHADER SHADER_API_MOBILE UNITY_HARDWARE_TIER1 UNITY_COLORSPACE_GAMMA UNITY_HALF_PRECISION_FRAGMENT_SHADER_REGISTERS UNITY_LIGHTMAP_DLDR_ENCODING ok=1
Cmd: compileSnippet
  api=5 type=1 insize=16605 outsize=0 kw=_SUNDISK_SIMPLE pd=UNITY_NO_DXT5nm UNITY_NO_RGBM UNITY_ENABLE_REFLECTION_BUFFERS UNITY_FRAMEBUFFER_FETCH_AVAILABLE UNITY_NO_CUBEMAP_ARRAY UNITY_NO_SCREENSPACE_SHADOWS UNITY_PBS_USE_BRDF2 SHADER_API_MOBILE UNITY_HARDWARE_TIER3 UNITY_COLORSPACE_GAMMA UNITY_HALF_PRECISION_FRAGMENT_SHADER_REGISTERS UNITY_LIGHTMAP_DLDR_ENCODING ok=1
Cmd: compileSnippet
  api=9 type=1 insize=16605 outsize=0 kw=_SUNDISK_HIGH_QUALITY pd=UNITY_NO_DXT5nm UNITY_NO_RGBM UNITY_ENABLE_REFLECTION_BUFFERS UNITY_FRAMEBUFFER_FETCH_AVAILABLE UNITY_NO_CUBEMAP_ARRAY UNITY_NO_SCREENSPACE_SHADOWS UNITY_PBS_USE_BRDF2 SHADER_API_MOBILE UNITY_HARDWARE_TIER2 UNITY_COLORSPACE_GAMMA UNITY_LIGHTMAP_DLDR_ENCODING ok=1
Cmd: compileSnippet
  api=5 type=1 insize=5009 outsize=0 kw= pd=UNITY_NO_DXT5nm UNITY_NO_RGBM UNITY_ENABLE_REFLECTION_BUFFERS UNITY_FRAMEBUFFER_FETCH_AVAILABLE UNITY_NO_CUBEMAP_ARRAY UNITY_NO_SCREENSPACE_SHADOWS UNITY_PBS_USE_BRDF3 UNITY_NO_FULL_STANDARD_SHADER SHADER_API_MOBILE UNITY_HARDWARE_TIER1 UNITY_COLORSPACE_GAMMA UNITY_HALF_PRECISION_FRAGMENT_SHADER_REGISTERS UNITY_LIGHTMAP_DLDR_ENCODING ok=1
Cmd: compileSnippet
  api=5 type=1 insize=5009 outsize=0 kw=POINT pd=UNITY_NO_DXT5nm UNITY_NO_RGBM UNITY_ENABLE_REFLECTION_BUFFERS UNITY_FRAMEBUFFER_FETCH_AVAILABLE UNITY_NO_CUBEMAP_ARRAY UNITY_NO_SCREENSPACE_SHADOWS UNITY_PBS_USE_BRDF2 SHADER_API_MOBILE UNITY_HARDWARE_TIER3 UNITY_COLORSPACE_GAMMA UNITY_HALF_PRECISION_FRAGMENT_SHADER_REGISTERS UNITY_LIGHTMAP_DLDR_ENCODING ok=1
Cmd: compileSnippet
  api=9 type=1 insize=5009 outsize=0 kw=SPOT pd=UNITY_NO_DXT5nm UNITY_NO_RGBM UNITY_ENABLE_REFLECTION_BUFFERS UNITY_FRAMEBUFFER_FETCH_AVAILABLE UNITY_NO_CUBEMAP_ARRAY UNITY_NO_SCREENSPACE_SHADOWS UNITY_PBS_USE_BRDF2 SHADER_API_MOBILE UNITY_HARDWARE_TIER2 UNITY_COLORSPACE_GAMMA UNITY_LIGHTMAP_DLDR_ENCODING ok=1
Cmd: compileSnippet
  api=5 type=1 insize=2459 outsize=0 kw= pd=UNITY_NO_DXT5nm UNITY_NO_RGBM UNITY_ENABLE_REFLECTION_BUFFERS UNITY_FRAMEBUFFER_FETCH_AVAILABLE UNITY_NO_CUBEMAP_ARRAY UNITY_NO_SCREENSPACE_SHADOWS UNITY_PBS_USE_BRDF2 SHADER_API_MOBILE UNITY_HARDWARE_TIER3 UNITY_COLORSPACE_GAMMA UNITY_HALF_PRECISION_FRAGMENT_SHADER_REGISTERS UNITY_LIGHTMAP_DLDR_ENCODING ok=1
Cmd: compileSnippet
  api=5 type=1 insize=944 outsize=0 kw=UNITY_PASS_SHADOWCASTER SHADOWS_DEPTH pd=UNITY_NO_DXT5nm UNITY_NO_RGBM UNITY_ENABLE_REFLECTION_BUFFERS UNITY_FRAMEBUFFER_FETCH_AVAILABLE UNITY_NO_CUBEMAP_ARRAY UNITY_NO_SCREENSPACE_SHADOWS UNITY_PBS_USE_BRDF2 SHADER_API_MOBILE UNITY_HARDWARE_TIER2 UNITY_COLORSPACE_GAMMA UNITY_HALF_PRECISION_FRAGMENT_SHADER_REGISTERS UNITY_LIGHTMAP_DLDR_ENCODING ok=1
Cmd: compileSnippet
  api=9 type=1 insize=944 outsize=0 kw=UNITY_PASS_SHADOWCASTER SHADOWS_CUBE pd=UNITY_NO_DXT5nm UNITY_NO_RGBM UNITY_ENABLE_REFLECTION_BUFFERS UNITY_FRAMEBUFFER_FETCH_AVAILABLE UNITY_NO_CUBEMAP_ARRAY UNITY_NO_SCREENSPACE_SHADOWS UNITY_PBS_USE_BRDF3 UNITY_NO_FULL_STANDARD_SHADER SHADER_API_MOBILE UNITY_HARDWARE_TIER1 UNITY_COLORSPACE_GAMMA UNITY_LIGHTMAP_DLDR_ENCODING ok=1
Cmd: compileSnippet
  api=5 type=0 insize=17531 outsize=2582 kw=UNITY_PASS_FORWARDBASE DIRECTIONAL pd=UNITY_NO_DXT5nm UNITY_NO_RGBM UNITY_ENABLE_REFLECTION_BUFFERS UNITY_FRAMEBUFFER_FETCH_AVAILABLE UNITY_NO_CUBEMAP_ARRAY UNITY_NO_SCREENSPACE_SHADOWS UNITY_PBS_USE_BRDF3 UNITY_NO_FULL_STANDARD_SHADER SHADER_API_MOBILE UNITY_HARDWARE_TIER1 UNITY_COLORSPACE_GAMMA UNITY_HALF_PRECISION_FRAGMENT_SHADER_REGISTERS UNITY_LIGHTMAP_DLDR_ENCODING ok=1
Cmd: compileSnippet
  api=9 type=0 insize=17531 outsize=3945 kw=UNITY_PASS_FORWARDBASE DIRECTIONAL LIGHTPROBE_SH pd=UNITY_NO_DXT5nm UNITY_NO_RGBM UNITY_ENABLE_REFLECTION_BUFFERS UNITY_FRAMEBUFFER_FETCH_AVAILABLE UNITY_NO_CUBEMAP_ARRAY UNITY_NO_SCREENSPACE_SHADOWS UNITY_PBS_USE_BRDF3 UNITY_NO_FULL_STANDARD_SHADER SHADER_API_MOBILE UNITY_HARDWARE_TIER1 UNITY_COLORSPACE_GAMMA UNITY_LIGHTMAP_DLDR_ENCODING ok=1
Cmd: compileSnippet
  api=9 type=0 insize=17531 outsize=4489 kw=UNITY_PASS_FORWARDBASE DIRECTIONAL SHADOWS_SCREEN pd=UNITY_NO_DXT5nm UNITY_NO_RGBM UNITY_ENABLE_REFLECTION_BUFFERS UNITY_FRAMEBUFFER_FETCH_AVAILABLE UNITY_NO_CUBEMAP_ARRAY UNITY_NO_SCREENSPACE_SHADOWS UNITY_PBS_USE_BRDF2 SHADER_API_MOBILE UNITY_HARDWARE_TIER3 UNITY_COLORSPACE_GAMMA UNITY_LIGHTMAP_DLDR_ENCODING ok=1
Cmd: compileSnippet
  api=5 type=0 insize=17531 outsize=2582 kw=UNITY_PASS_FORWARDBASE DIRECTIONAL VERTEXLIGHT_ON pd=UNITY_NO_DXT5nm UNITY_NO_RGBM UNITY_ENABLE_REFLECTION_BUFFERS UNITY_FRAMEBUFFER_FETCH_AVAILABLE UNITY_NO_CUBEMAP_ARRAY UNITY_NO_SCREENSPACE_SHADOWS UNITY_PBS_USE_BRDF2 SHADER_API_MOBILE UNITY_HARDWARE_TIER2 UNITY_COLORSPACE_GAMMA UNITY_HALF_PRECISION_FRAGMENT_SHADER_REGISTERS UNITY_LIGHTMAP_DLDR_ENCODING ok=1
Cmd: compileSnippet
  api=9 type=0 insize=17531 outsize=5267 kw=UNITY_PASS_FORWARDBASE DIRECTIONAL LIGHTPROBE_SH VERTEXLIGHT_ON pd=UNITY_NO_DXT5nm UNITY_NO_RGBM UNITY_ENABLE_REFLECTION_BUFFERS UNITY_FRAMEBUFFER_FETCH_AVAILABLE UNITY_NO_CUBEMAP_ARRAY UNITY_NO_SCREENSPACE_SHADOWS UNITY_PBS_USE_BRDF3 UNITY_NO_FULL_STANDARD_SHADER SHADER_API_MOBILE UNITY_HARDWARE_TIER1 UNITY_COLORSPACE_GAMMA UNITY_LIGHTMAP_DLDR_ENCODING ok=1
Cmd: compileSnippet
  api=9 type=0 insize=17531 outsize=4489 kw=UNITY_PASS_FORWARDBASE DIRECTIONAL SHADOWS_SCREEN VERTEXLIGHT_ON pd=UNITY_NO_DXT5nm UNITY_NO_RGBM UNITY_ENABLE_REFLECTION_BUFFERS UNITY_FRAMEBUFFER_FETCH_AVAILABLE UNITY_NO_CUBEMAP_ARRAY UNITY_NO_SCREENSPACE_SHADOWS UNITY_PBS_USE_BRDF2 SHADER_API_MOBILE UNITY_HARDWARE_TIER3 UNITY_COLORSPACE_GAMMA UNITY_LIGHTMAP_DLDR_ENCODING ok=1
Cmd: compileSnippet
  api=5 type=1 insize=17531 outsize=0 kw=UNITY_PASS_FORWARDBASE DIRECTIONAL pd=UNITY_NO_DXT5nm UNITY_NO_RGBM UNITY_ENABLE_REFLECTION_BUFFERS UNITY_FRAMEBUFFER_FETCH_AVAILABLE UNITY_NO_CUBEMAP_ARRAY UNITY_NO_SCREENSPACE_SHADOWS UNITY_PBS_USE_BRDF3 UNITY_NO_FULL_STANDARD_SHADER SHADER_API_MOBILE UNITY_HARDWARE_TIER1 UNITY_COLORSPACE_GAMMA UNITY_HALF_PRECISION_FRAGMENT_SHADER_REGISTERS UNITY_LIGHTMAP_DLDR_ENCODING ok=1
Cmd: compileSnippet
  api=5 type=1 insize=17531 outsize=0 kw=UNITY_PASS_FORWARDBASE DIRECTIONAL LIGHTPROBE_SH pd=UNITY_NO_DXT5nm UNITY_NO_RGBM UNITY_ENABLE_REFLECTION_BUFFERS UNITY_FRAMEBUFFER_FETCH_AVAILABLE UNITY_NO_CUBEMAP_ARRAY UNITY_NO_SCREENSPACE_SHADOWS UNITY_PBS_USE_BRDF2 SHADER_API_MOBILE UNITY_HARDWARE_TIER3 UNITY_COLORSPACE_GAMMA UNITY_HALF_PRECISION_FRAGMENT_SHADER_REGISTERS UNITY_LIGHTMAP_DLDR_ENCODING ok=1
Cmd: compileSnippet
  api=9 type=1 insize=17531 outsize=0 kw=UNITY_PASS_FORWARDBASE DIRECTIONAL SHADOWS_SCREEN pd=UNITY_NO_DXT5nm UNITY_NO_RGBM UNITY_ENABLE_REFLECTION_BUFFERS UNITY_FRAMEBUFFER_FETCH_AVAILABLE UNITY_NO_CUBEMAP_ARRAY UNITY_NO_SCREENSPACE_SHADOWS UNITY_PBS_USE_BRDF2 SHADER_API_MOBILE UNITY_HARDWARE_TIER3 UNITY_COLORSPACE_GAMMA UNITY_LIGHTMAP_DLDR_ENCODING ok=1
Cmd: compileSnippet
  api=5 type=0 insize=4349 outsize=3885 kw=UNITY_PASS_FORWARDADD POINT pd=UNITY_NO_DXT5nm UNITY_NO_RGBM UNITY_ENABLE_REFLECTION_BUFFERS UNITY_FRAMEBUFFER_FETCH_AVAILABLE UNITY_NO_CUBEMAP_ARRAY UNITY_NO_SCREENSPACE_SHADOWS UNITY_PBS_USE_BRDF3 UNITY_NO_FULL_STANDARD_SHADER SHADER_API_MOBILE UNITY_HARDWARE_TIER1 UNITY_COLORSPACE_GAMMA UNITY_HALF_PRECISION_FRAGMENT_SHADER_REGISTERS UNITY_LIGHTMAP_DLDR_ENCODING ok=1
Cmd: compileSnippet
  api=9 type=0 insize=4349 outsize=2430 kw=UNITY_PASS_FORWARDADD DIRECTIONAL pd=UNITY_NO_DXT5nm UNITY_NO_RGBM UNITY_ENABLE_REFLECTION_BUFFERS UNITY_FRAMEBUFFER_FETCH_AVAILABLE UNITY_NO_CUBEMAP_ARRAY UNITY_NO_SCREENSPACE_SHADOWS UNITY_PBS_USE_BRDF2 SHADER_API_MOBILE UNITY_HARDWARE_TIER3 UNITY_COLORSPACE_GAMMA UNITY_LIGHTMAP_DLDR_ENCODING ok=1
Cmd: compileSnippet
  api=5 type=0 insize=4349 outsize=3706 kw=UNITY_PASS_FORWARDADD POINT_COOKIE pd=UNITY_NO_DXT5nm UNITY_NO_RGBM UNITY_ENABLE_REFLECTION_BUFFERS UNITY_FRAMEBUFFER_FETCH_AVAILABLE UNITY_NO_CUBEMAP_ARRAY UNITY_NO_SCREENSPACE_SHADOWS UNITY_PBS_USE_BRDF3 UNITY_NO_FULL_STANDARD_SHADER SHADER_API_MOBILE UNITY_HARDWARE_TIER1 UNITY_COLORSPACE_GAMMA UNITY_HALF_PRECISION_FRAGMENT_SHADER_REGISTERS UNITY_LIGHTMAP_DLDR_ENCODING ok=1
Cmd: compileSnippet
  api=5 type=0 insize=4349 outsize=3255 kw=UNITY_PASS_FORWARDADD DIRECTIONAL_COOKIE pd=UNITY_NO_DXT5nm UNITY_NO_RGBM UNITY_ENABLE_REFLECTION_BUFFERS UNITY_FRAMEBUFFER_FETCH_AVAILABLE UNITY_NO_CUBEMAP_ARRAY UNITY_NO_SCREENSPACE_SHADOWS UNITY_PBS_USE_BRDF2 SHADER_API_MOBILE UNITY_HARDWARE_TIER2 UNITY_COLORSPACE_GAMMA UNITY_HALF_PRECISION_FRAGMENT_SHADER_REGISTERS UNITY_LIGHTMAP_DLDR_ENCODING ok=1
Cmd: compileSnippet
  api=5 type=1 insize=4349 outsize=0 kw=UNITY_PASS_FORWARDADD POINT pd=UNITY_NO_DXT5nm UNITY_NO_RGBM UNITY_ENABLE_REFLECTION_BUFFERS UNITY_FRAMEBUFFER_FETCH_AVAILABLE UNITY_NO_CUBEMAP_ARRAY UNITY_NO_SCREENSPACE_SHADOWS UNITY_PBS_USE_BRDF2 SHADER_API_MOBILE UNITY_HARDWARE_TIER2 UNITY_COLORSPACE_GAMMA UNITY_HALF_PRECISION_FRAGMENT_SHADER_REGISTERS UNITY_LIGHTMAP_DLDR_ENCODING ok=1
Cmd: compileSnippet
  api=5 type=1 insize=4349 outsize=0 kw=UNITY_PASS_FORWARDADD SPOT pd=UNITY_NO_DXT5nm UNITY_NO_RGBM UNITY_ENABLE_REFLECTION_BUFFERS UNITY_FRAMEBUFFER_FETCH_AVAILABLE UNITY_NO_CUBEMAP_ARRAY UNITY_NO_SCREENSPACE_SHADOWS UNITY_PBS_USE_BRDF2 SHADER_API_MOBILE UNITY_HARDWARE_TIER2 UNITY_COLORSPACE_GAMMA UNITY_HALF_PRECISION_FRAGMENT_SHADER_REGISTERS UNITY_LIGHTMAP_DLDR_ENCODING ok=1
Cmd: compileSnippet
  api=5 type=1 insize=4349 outsize=0 kw=UNITY_PASS_FORWARDADD POINT_COOKIE pd=UNITY_NO_DXT5nm UNITY_NO_RGBM UNITY_ENABLE_REFLECTION_BUFFERS UNITY_FRAMEBUFFER_FETCH_AVAILABLE UNITY_NO_CUBEMAP_ARRAY UNITY_NO_SCREENSPACE_SHADOWS UNITY_PBS_USE_BRDF2 SHADER_API_MOBILE UNITY_HARDWARE_TIER3 UNITY_COLORSPACE_GAMMA UNITY_HALF_PRECISION_FRAGMENT_SHADER_REGISTERS UNITY_LIGHTMAP_DLDR_ENCODING ok=1
Cmd: compileSnippet
  api=5 type=0 insize=6649 outsize=1789 kw=UNITY_PASS_PREPASSBASE pd=UNITY_NO_DXT5nm UNITY_NO_RGBM UNITY_ENABLE_REFLECTION_BUFFERS UNITY_FRAMEBUFFER_FETCH_AVAILABLE UNITY_NO_CUBEMAP_ARRAY UNITY_NO_SCREENSPACE_SHADOWS UNITY_PBS_USE_BRDF2 SHADER_API_MOBILE UNITY_HARDWARE_TIER2 UNITY_COLORSPACE_GAMMA UNITY_HALF_PRECISION_FRAGMENT_SHADER_REGISTERS UNITY_LIGHTMAP_DLDR_ENCODING ok=1
Cmd: compileSnippet
  api=5 type=1 insize=6649 outsize=0 kw=UNITY_PASS_PREPASSBASE pd=UNITY_NO_DXT5nm UNITY_NO_RGBM UNITY_ENABLE_REFLECTION_BUFFERS UNITY_FRAMEBUFFER_FETCH_AVAILABLE UNITY_NO_CUBEMAP_ARRAY UNITY_NO_SCREENSPACE_SHADOWS UNITY_PBS_USE_BRDF3 UNITY_NO_FULL_STANDARD_SHADER SHADER_API_MOBILE UNITY_HARDWARE_TIER1 UNITY_COLORSPACE_GAMMA UNITY_HALF_PRECISION_FRAGMENT_SHADER_REGISTERS UNITY_LIGHTMAP_DLDR_ENCODING ok=1
Cmd: compileSnippet
  api=5 type=0 insize=12625 outsize=4257 kw=UNITY_PASS_PREPASSFINAL pd=UNITY_NO_DXT5nm UNITY_NO_RGBM UNITY_ENABLE_REFLECTION_BUFFERS UNITY_FRAMEBUFFER_FETCH_AVAILABLE UNITY_NO_CUBEMAP_ARRAY UNITY_NO_SCREENSPACE_SHADOWS UNITY_PBS_USE_BRDF3 UNITY_NO_FULL_STANDARD_SHADER SHADER_API_MOBILE UNITY_HARDWARE_TIER1 UNITY_COLORSPACE_GAMMA UNITY_HALF_PRECISION_FRAGMENT_SHADER_REGISTERS UNITY_LIGHTMAP_DLDR_ENCODING ok=1
Cmd: compileSnippet
  api=9 type=0 insize=12625 outsize=4126 kw=UNITY_PASS_PREPASSFINAL LIGHTPROBE_SH pd=UNITY_NO_DXT5nm UNITY_NO_RGBM UNITY_ENABLE_REFLECTION_BUFFERS UNITY_FRAMEBUFFER_FETCH_AVAILABLE UNITY_NO_CUBEMAP_ARRAY UNITY_NO_SCREENSPACE_SHADOWS UNITY_PBS_USE_BRDF2 SHADER_API_MOBILE UNITY_HARDWARE_TIER2 UNITY_COLORSPACE_GAMMA UNITY_LIGHTMAP_DLDR_ENCODING ok=1
Cmd: compileSnippet
  api=9 type=0 insize=12625 outsize=4080 kw=UNITY_PASS_PREPASSFINAL LIGHTPROBE_SH UNITY_HDR_ON pd=UNITY_NO_DXT5nm UNITY_NO_RGBM UNITY_ENABLE_REFLECTION_BUFFERS UNITY_FRAMEBUFFER_FETCH_AVAILABLE UNITY_NO_CUBEMAP_ARRAY UNITY_NO_SCREENSPACE_SHADOWS UNITY_PBS_USE_BRDF2 SHADER_API_MOBILE UNITY_HARDWARE_TIER2 UNITY_COLORSPACE_GAMMA UNITY_LIGHTMAP_DLDR_ENCODING ok=1
Cmd: compileSnippet
  api=5 type=1 insize=12625 outsize=0 kw=UNITY_PASS_PREPASSFINAL pd=UNITY_NO_DXT5nm UNITY_NO_RGBM UNITY_ENABLE_REFLECTION_BUFFERS UNITY_FRAMEBUFFER_FETCH_AVAILABLE UNITY_NO_CUBEMAP_ARRAY UNITY_NO_SCREENSPACE_SHADOWS UNITY_PBS_USE_BRDF3 UNITY_NO_FULL_STANDARD_SHADER SHADER_API_MOBILE UNITY_HARDWARE_TIER1 UNITY_COLORSPACE_GAMMA UNITY_HALF_PRECISION_FRAGMENT_SHADER_REGISTERS UNITY_LIGHTMAP_DLDR_ENCODING ok=1
Cmd: compileSnippet
  api=5 type=1 insize=12625 outsize=0 kw=UNITY_PASS_PREPASSFINAL UNITY_HDR_ON pd=UNITY_NO_DXT5nm UNITY_NO_RGBM UNITY_ENABLE_REFLECTION_BUFFERS UNITY_FRAMEBUFFER_FETCH_AVAILABLE UNITY_NO_CUBEMAP_ARRAY UNITY_NO_SCREENSPACE_SHADOWS UNITY_PBS_USE_BRDF3 UNITY_NO_FULL_STANDARD_SHADER SHADER_API_MOBILE UNITY_HARDWARE_TIER1 UNITY_COLORSPACE_GAMMA UNITY_HALF_PRECISION_FRAGMENT_SHADER_REGISTERS UNITY_LIGHTMAP_DLDR_ENCODING ok=1
Cmd: compileSnippet
  api=5 type=1 insize=12625 outsize=0 kw=UNITY_PASS_PREPASSFINAL LIGHTPROBE_SH UNITY_HDR_ON pd=UNITY_NO_DXT5nm UNITY_NO_RGBM UNITY_ENABLE_REFLECTION_BUFFERS UNITY_FRAMEBUFFER_FETCH_AVAILABLE UNITY_NO_CUBEMAP_ARRAY UNITY_NO_SCREENSPACE_SHADOWS UNITY_PBS_USE_BRDF2 SHADER_API_MOBILE UNITY_HARDWARE_TIER3 UNITY_COLORSPACE_GAMMA UNITY_HALF_PRECISION_FRAGMENT_SHADER_REGISTERS UNITY_LIGHTMAP_DLDR_ENCODING ok=1
Cmd: compileSnippet
  api=5 type=0 insize=1145 outsize=1063 kw= pd=UNITY_NO_DXT5nm UNITY_NO_RGBM UNITY_ENABLE_REFLECTION_BUFFERS UNITY_FRAMEBUFFER_FETCH_AVAILABLE UNITY_NO_CUBEMAP_ARRAY UNITY_NO_SCREENSPACE_SHADOWS UNITY_PBS_USE_BRDF2 SHADER_API_MOBILE UNITY_HARDWARE_TIER3 UNITY_COLORSPACE_GAMMA UNITY_HALF_PRECISION_FRAGMENT_SHADER_REGISTERS UNITY_LIGHTMAP_DLDR_ENCODING ok=1
Cmd: compileSnippet
  api=9 type=1 insize=1145 outsize=0 kw= pd=UNITY_NO_DXT5nm UNITY_NO_RGBM UNITY_ENABLE_REFLECTION_BUFFERS UNITY_FRAMEBUFFER_FETCH_AVAILABLE UNITY_NO_CUBEMAP_ARRAY UNITY_NO_SCREENSPACE_SHADOWS UNITY_PBS_USE_BRDF2 SHADER_API_MOBILE UNITY_HARDWARE_TIER2 UNITY_COLORSPACE_GAMMA UNITY_LIGHTMAP_DLDR_ENCODING ok=1
Cmd: compileSnippet
  api=5 type=1 insize=914 outsize=0 kw= pd=UNITY_NO_DXT5nm UNITY_NO_RGBM UNITY_ENABLE_REFLECTION_BUFFERS UNITY_FRAMEBUFFER_FETCH_AVAILABLE UNITY_NO_CUBEMAP_ARRAY UNITY_NO_SCREENSPACE_SHADOWS UNITY_PBS_USE_BRDF3 UNITY_NO_FULL_STANDARD_SHADER SHADER_API_MOBILE UNITY_HARDWARE_TIER1 UNITY_COLORSPACE_GAMMA UNITY_HALF_PRECISION_FRAGMENT_SHADER_REGISTERS UNITY_LIGHTMAP_DLDR_ENCODING ok=1
Cmd: compileSnippet
  api=5 type=0 insize=1179 outsize=4208 kw= pd=UNITY_NO_DXT5nm UNITY_NO_RGBM UNITY_ENABLE_REFLECTION_BUFFERS UNITY_FRAMEBUFFER_FETCH_AVAILABLE UNITY_NO_CUBEMAP_ARRAY UNITY_NO_SCREENSPACE_SHADOWS UNITY_PBS_USE_BRDF3 UNITY_NO_FULL_STANDARD_SHADER SHADER_API_MOBILE UNITY_HARDWARE_TIER1 UNITY_COLORSPACE_GAMMA UNITY_HALF_PRECISION_FRAGMENT_SHADER_REGISTERS UNITY_LIGHTMAP_DLDR_ENCODING ok=1
Cmd: compileSnippet
  api=5 type=1 insize=1179 outsize=0 kw= pd=UNITY_NO_DXT5nm UNITY_NO_RGBM UNITY_ENABLE_REFLECTION_BUFFERS UNITY_FRAMEBUFFER_FETCH_AVAILABLE UNITY_NO_CUBEMAP_ARRAY UNITY_NO_SCREENSPACE_SHADOWS UNITY_PBS_USE_BRDF3 UNITY_NO_FULL_STANDARD_SHADER SHADER_API_MOBILE UNITY_HARDWARE_TIER1 UNITY_COLORSPACE_GAMMA UNITY_HALF_PRECISION_FRAGMENT_SHADER_REGISTERS UNITY_LIGHTMAP_DLDR_ENCODING ok=1
Cmd: compileSnippet
  api=5 type=0 insize=1062 outsize=5685 kw= pd=UNITY_NO_DXT5nm UNITY_NO_RGBM UNITY_ENABLE_REFLECTION_BUFFERS UNITY_FRAMEBUFFER_FETCH_AVAILABLE UNITY_NO_CUBEMAP_ARRAY UNITY_NO_SCREENSPACE_SHADOWS UNITY_PBS_USE_BRDF3 UNITY_NO_FULL_STANDARD_SHADER SHADER_API_MOBILE UNITY_HARDWARE_TIER1 UNITY_COLORSPACE_GAMMA UNITY_HALF_PRECISION_FRAGMENT_SHADER_REGISTERS UNITY_LIGHTMAP_DLDR_ENCODING ok=1
Cmd: compileSnippet
  api=5 type=1 insize=1062 outsize=0 kw= pd=UNITY_NO_DXT5nm UNITY_NO_RGBM UNITY_ENABLE_REFLECTION_BUFFERS UNITY_FRAMEBUFFER_FETCH_AVAILABLE UNITY_NO_CUBEMAP_ARRAY UNITY_NO_SCREENSPACE_SHADOWS UNITY_PBS_USE_BRDF3 UNITY_NO_FULL_STANDARD_SHADER SHADER_API_MOBILE UNITY_HARDWARE_TIER1 UNITY_COLORSPACE_GAMMA UNITY_HALF_PRECISION_FRAGMENT_SHADER_REGISTERS UNITY_LIGHTMAP_DLDR_ENCODING ok=1
Cmd: compileSnippet
  api=5 type=0 insize=1186 outsize=6443 kw= pd=UNITY_NO_DXT5nm UNITY_NO_RGBM UNITY_ENABLE_REFLECTION_BUFFERS UNITY_FRAMEBUFFER_FETCH_AVAILABLE UNITY_NO_CUBEMAP_ARRAY UNITY_NO_SCREENSPACE_SHADOWS UNITY_PBS_USE_BRDF3 UNITY_NO_FULL_STANDARD_SHADER SHADER_API_MOBILE UNITY_HARDWARE_TIER1 UNITY_COLORSPACE_GAMMA UNITY_HALF_PRECISION_FRAGMENT_SHADER_REGISTERS UNITY_LIGHTMAP_DLDR_ENCODING ok=1
Cmd: compileSnippet
  api=5 type=1 insize=1186 outsize=0 kw= pd=UNITY_NO_DXT5nm UNITY_NO_RGBM UNITY_ENABLE_REFLECTION_BUFFERS UNITY_FRAMEBUFFER_FETCH_AVAILABLE UNITY_NO_CUBEMAP_ARRAY UNITY_NO_SCREENSPACE_SHADOWS UNITY_PBS_USE_BRDF3 UNITY_NO_FULL_STANDARD_SHADER SHADER_API_MOBILE UNITY_HARDWARE_TIER1 UNITY_COLORSPACE_GAMMA UNITY_HALF_PRECISION_FRAGMENT_SHADER_REGISTERS UNITY_LIGHTMAP_DLDR_ENCODING ok=1
Cmd: compileSnippet
  api=5 type=0 insize=1128 outsize=4582 kw= pd=UNITY_NO_DXT5nm UNITY_NO_RGBM UNITY_ENABLE_REFLECTION_BUFFERS UNITY_FRAMEBUFFER_FETCH_AVAILABLE UNITY_NO_CUBEMAP_ARRAY UNITY_NO_SCREENSPACE_SHADOWS UNITY_PBS_USE_BRDF3 UNITY_NO_FULL_STANDARD_SHADER SHADER_API_MOBILE UNITY_HARDWARE_TIER1 UNITY_COLORSPACE_GAMMA UNITY_HALF_PRECISION_FRAGMENT_SHADER_REGISTERS UNITY_LIGHTMAP_DLDR_ENCODING ok=1
Cmd: compileSnippet
  api=5 type=1 insize=1128 outsize=0 kw= pd=UNITY_NO_DXT5nm UNITY_NO_RGBM UNITY_ENABLE_REFLECTION_BUFFERS UNITY_FRAMEBUFFER_FETCH_AVAILABLE UNITY_NO_CUBEMAP_ARRAY UNITY_NO_SCREENSPACE_SHADOWS UNITY_PBS_USE_BRDF3 UNITY_NO_FULL_STANDARD_SHADER SHADER_API_MOBILE UNITY_HARDWARE_TIER1 UNITY_COLORSPACE_GAMMA UNITY_HALF_PRECISION_FRAGMENT_SHADER_REGISTERS UNITY_LIGHTMAP_DLDR_ENCODING ok=1
Cmd: compileSnippet
  api=5 type=0 insize=1337 outsize=5025 kw= pd=UNITY_NO_DXT5nm UNITY_NO_RGBM UNITY_ENABLE_REFLECTION_BUFFERS UNITY_FRAMEBUFFER_FETCH_AVAILABLE UNITY_NO_CUBEMAP_ARRAY UNITY_NO_SCREENSPACE_SHADOWS UNITY_PBS_USE_BRDF3 UNITY_NO_FULL_STANDARD_SHADER SHADER_API_MOBILE UNITY_HARDWARE_TIER1 UNITY_COLORSPACE_GAMMA UNITY_HALF_PRECISION_FRAGMENT_SHADER_REGISTERS UNITY_LIGHTMAP_DLDR_ENCODING ok=1
Cmd: compileSnippet
  api=5 type=1 insize=1337 outsize=0 kw= pd=UNITY_NO_DXT5nm UNITY_NO_RGBM UNITY_ENABLE_REFLECTION_BUFFERS UNITY_FRAMEBUFFER_FETCH_AVAILABLE UNITY_NO_CUBEMAP_ARRAY UNITY_NO_SCREENSPACE_SHADOWS UNITY_PBS_USE_BRDF3 UNITY_NO_FULL_STANDARD_SHADER SHADER_API_MOBILE UNITY_HARDWARE_TIER1 UNITY_COLORSPACE_GAMMA UNITY_HALF_PRECISION_FRAGMENT_SHADER_REGISTERS UNITY_LIGHTMAP_DLDR_ENCODING ok=1
Cmd: compileSnippet
  api=5 type=0 insize=1344 outsize=5059 kw= pd=UNITY_NO_DXT5nm UNITY_NO_RGBM UNITY_ENABLE_REFLECTION_BUFFERS UNITY_FRAMEBUFFER_FETCH_AVAILABLE UNITY_NO_CUBEMAP_ARRAY UNITY_NO_SCREENSPACE_SHADOWS UNITY_PBS_USE_BRDF3 UNITY_NO_FULL_STANDARD_SHADER SHADER_API_MOBILE UNITY_HARDWARE_TIER1 UNITY_COLORSPACE_GAMMA UNITY_HALF_PRECISION_FRAGMENT_SHADER_REGISTERS UNITY_LIGHTMAP_DLDR_ENCODING ok=1
Cmd: compileSnippet
  api=5 type=1 insize=1344 outsize=0 kw= pd=UNITY_NO_DXT5nm UNITY_NO_RGBM UNITY_ENABLE_REFLECTION_BUFFERS UNITY_FRAMEBUFFER_FETCH_AVAILABLE UNITY_NO_CUBEMAP_ARRAY UNITY_NO_SCREENSPACE_SHADOWS UNITY_PBS_USE_BRDF3 UNITY_NO_FULL_STANDARD_SHADER SHADER_API_MOBILE UNITY_HARDWARE_TIER1 UNITY_COLORSPACE_GAMMA UNITY_HALF_PRECISION_FRAGMENT_SHADER_REGISTERS UNITY_LIGHTMAP_DLDR_ENCODING ok=1
Cmd: compileSnippet
  api=5 type=0 insize=1206 outsize=3507 kw= pd=UNITY_NO_DXT5nm UNITY_NO_RGBM UNITY_ENABLE_REFLECTION_BUFFERS UNITY_FRAMEBUFFER_FETCH_AVAILABLE UNITY_NO_CUBEMAP_ARRAY UNITY_NO_SCREENSPACE_SHADOWS UNITY_PBS_USE_BRDF3 UNITY_NO_FULL_STANDARD_SHADER SHADER_API_MOBILE UNITY_HARDWARE_TIER1 UNITY_COLORSPACE_GAMMA UNITY_HALF_PRECISION_FRAGMENT_SHADER_REGISTERS UNITY_LIGHTMAP_DLDR_ENCODING ok=1
Cmd: compileSnippet
  api=5 type=1 insize=1206 outsize=0 kw= pd=UNITY_NO_DXT5nm UNITY_NO_RGBM UNITY_ENABLE_REFLECTION_BUFFERS UNITY_FRAMEBUFFER_FETCH_AVAILABLE UNITY_NO_CUBEMAP_ARRAY UNITY_NO_SCREENSPACE_SHADOWS UNITY_PBS_USE_BRDF2 SHADER_API_MOBILE UNITY_HARDWARE_TIER2 UNITY_COLORSPACE_GAMMA UNITY_HALF_PRECISION_FRAGMENT_SHADER_REGISTERS UNITY_LIGHTMAP_DLDR_ENCODING ok=1
Cmd: compileSnippet
  api=5 type=0 insize=1251 outsize=6759 kw= pd=UNITY_NO_DXT5nm UNITY_NO_RGBM UNITY_ENABLE_REFLECTION_BUFFERS UNITY_FRAMEBUFFER_FETCH_AVAILABLE UNITY_NO_CUBEMAP_ARRAY UNITY_NO_SCREENSPACE_SHADOWS UNITY_PBS_USE_BRDF3 UNITY_NO_FULL_STANDARD_SHADER SHADER_API_MOBILE UNITY_HARDWARE_TIER1 UNITY_COLORSPACE_GAMMA UNITY_HALF_PRECISION_FRAGMENT_SHADER_REGISTERS UNITY_LIGHTMAP_DLDR_ENCODING ok=1
Cmd: compileSnippet
  api=5 type=1 insize=1251 outsize=0 kw= pd=UNITY_NO_DXT5nm UNITY_NO_RGBM UNITY_ENABLE_REFLECTION_BUFFERS UNITY_FRAMEBUFFER_FETCH_AVAILABLE UNITY_NO_CUBEMAP_ARRAY UNITY_NO_SCREENSPACE_SHADOWS UNITY_PBS_USE_BRDF3 UNITY_NO_FULL_STANDARD_SHADER SHADER_API_MOBILE UNITY_HARDWARE_TIER1 UNITY_COLORSPACE_GAMMA UNITY_HALF_PRECISION_FRAGMENT_SHADER_REGISTERS UNITY_LIGHTMAP_DLDR_ENCODING ok=1
Cmd: compileSnippet
  api=5 type=0 insize=1238 outsize=6394 kw= pd=UNITY_NO_DXT5nm UNITY_NO_RGBM UNITY_ENABLE_REFLECTION_BUFFERS UNITY_FRAMEBUFFER_FETCH_AVAILABLE UNITY_NO_CUBEMAP_ARRAY UNITY_NO_SCREENSPACE_SHADOWS UNITY_PBS_USE_BRDF3 UNITY_NO_FULL_STANDARD_SHADER SHADER_API_MOBILE UNITY_HARDWARE_TIER1 UNITY_COLORSPACE_GAMMA UNITY_HALF_PRECISION_FRAGMENT_SHADER_REGISTERS UNITY_LIGHTMAP_DLDR_ENCODING ok=1
Cmd: compileSnippet
  api=5 type=1 insize=1238 outsize=0 kw= pd=UNITY_NO_DXT5nm UNITY_NO_RGBM UNITY_ENABLE_REFLECTION_BUFFERS UNITY_FRAMEBUFFER_FETCH_AVAILABLE UNITY_NO_CUBEMAP_ARRAY UNITY_NO_SCREENSPACE_SHADOWS UNITY_PBS_USE_BRDF3 UNITY_NO_FULL_STANDARD_SHADER SHADER_API_MOBILE UNITY_HARDWARE_TIER1 UNITY_COLORSPACE_GAMMA UNITY_HALF_PRECISION_FRAGMENT_SHADER_REGISTERS UNITY_LIGHTMAP_DLDR_ENCODING ok=1
Cmd: compileSnippet
  api=5 type=0 insize=1569 outsize=5575 kw=POINT pd=UNITY_NO_DXT5nm UNITY_NO_RGBM UNITY_ENABLE_REFLECTION_BUFFERS UNITY_FRAMEBUFFER_FETCH_AVAILABLE UNITY_NO_CUBEMAP_ARRAY UNITY_NO_SCREENSPACE_SHADOWS UNITY_PBS_USE_BRDF3 UNITY_NO_FULL_STANDARD_SHADER SHADER_API_MOBILE UNITY_HARDWARE_TIER1 UNITY_COLORSPACE_GAMMA UNITY_HALF_PRECISION_FRAGMENT_SHADER_REGISTERS UNITY_LIGHTMAP_DLDR_ENCODING ok=1
Cmd: compileSnippet
  api=5 type=0 insize=1569 outsize=6272 kw=SPOT pd=UNITY_NO_DXT5nm UNITY_NO_RGBM UNITY_ENABLE_REFLECTION_BUFFERS UNITY_FRAMEBUFFER_FETCH_AVAILABLE UNITY_NO_CUBEMAP_ARRAY UNITY_NO_SCREENSPACE_SHADOWS UNITY_PBS_USE_BRDF2 SHADER_API_MOBILE UNITY_HARDWARE_TIER2 UNITY_COLORSPACE_GAMMA UNITY_HALF_PRECISION_FRAGMENT_SHADER_REGISTERS UNITY_LIGHTMAP_DLDR_ENCODING ok=1
Cmd: compileSnippet
  api=9 type=0 insize=1569 outsize=6184 kw=POINT_COOKIE pd=UNITY_NO_DXT5nm UNITY_NO_RGBM UNITY_ENABLE_REFLECTION_BUFFERS UNITY_FRAMEBUFFER_FETCH_AVAILABLE UNITY_NO_CUBEMAP_ARRAY UNITY_NO_SCREENSPACE_SHADOWS UNITY_PBS_USE_BRDF3 UNITY_NO_FULL_STANDARD_SHADER SHADER_API_MOBILE UNITY_HARDWARE_TIER1 UNITY_COLORSPACE_GAMMA UNITY_LIGHTMAP_DLDR_ENCODING ok=1
Cmd: compileSnippet
  api=9 type=0 insize=1569 outsize=5782 kw=DIRECTIONAL_COOKIE pd=UNITY_NO_DXT5nm UNITY_NO_RGBM UNITY_ENABLE_REFLECTION_BUFFERS UNITY_FRAMEBUFFER_FETCH_AVAILABLE UNITY_NO_CUBEMAP_ARRAY UNITY_NO_SCREENSPACE_SHADOWS UNITY_PBS_USE_BRDF2 SHADER_API_MOBILE UNITY_HARDWARE_TIER2 UNITY_COLORSPACE_GAMMA UNITY_LIGHTMAP_DLDR_ENCODING ok=1
Cmd: compileSnippet
  api=5 type=0 insize=1569 outsize=7817 kw=SPOT SHADOWS_DEPTH SHADOWS_SOFT pd=UNITY_NO_DXT5nm UNITY_NO_RGBM UNITY_ENABLE_REFLECTION_BUFFERS UNITY_FRAMEBUFFER_FETCH_AVAILABLE UNITY_NO_CUBEMAP_ARRAY UNITY_NO_SCREENSPACE_SHADOWS UNITY_PBS_USE_BRDF3 UNITY_NO_FULL_STANDARD_SHADER SHADER_API_MOBILE UNITY_HARDWARE_TIER1 UNITY_COLORSPACE_GAMMA UNITY_HALF_PRECISION_FRAGMENT_SHADER_REGISTERS UNITY_LIGHTMAP_DLDR_ENCODING ok=1
Cmd: compileSnippet
  api=9 type=0 insize=1569 outsize=5917 kw=DIRECTIONAL SHADOWS_SCREEN pd=UNITY_NO_DXT5nm UNITY_NO_RGBM UNITY_ENABLE_REFLECTION_BUFFERS UNITY_FRAMEBUFFER_FETCH_AVAILABLE UNITY_NO_CUBEMAP_ARRAY UNITY_NO_SCREENSPACE_SHADOWS UNITY_PBS_USE_BRDF3 UNITY_NO_FULL_STANDARD_SHADER SHADER_API_MOBILE UNITY_HARDWARE_TIER1 UNITY_COLORSPACE_GAMMA UNITY_LIGHTMAP_DLDR_ENCODING ok=1
Cmd: compileSnippet
  api=9 type=0 insize=1569 outsize=6289 kw=DIRECTIONAL_COOKIE SHADOWS_SCREEN pd=UNITY_NO_DXT5nm UNITY_NO_RGBM UNITY_ENABLE_REFLECTION_BUFFERS UNITY_FRAMEBUFFER_FETCH_AVAILABLE UNITY_NO_CUBEMAP_ARRAY UNITY_NO_SCREENSPACE_SHADOWS UNITY_PBS_USE_BRDF2 SHADER_API_MOBILE UNITY_HARDWARE_TIER3 UNITY_COLORSPACE_GAMMA UNITY_LIGHTMAP_DLDR_ENCODING ok=1
Cmd: compileSnippet
  api=5 type=0 insize=1569 outsize=7854 kw=POINT SHADOWS_CUBE SHADOWS_SOFT pd=UNITY_NO_DXT5nm UNITY_NO_RGBM UNITY_ENABLE_REFLECTION_BUFFERS UNITY_FRAMEBUFFER_FETCH_AVAILABLE UNITY_NO_CUBEMAP_ARRAY UNITY_NO_SCREENSPACE_SHADOWS UNITY_PBS_USE_BRDF2 SHADER_API_MOBILE UNITY_HARDWARE_TIER2 UNITY_COLORSPACE_GAMMA UNITY_HALF_PRECISION_FRAGMENT_SHADER_REGISTERS UNITY_LIGHTMAP_DLDR_ENCODING ok=1
Cmd: compileSnippet
  api=9 type=0 insize=1569 outsize=7333 kw=POINT_COOKIE SHADOWS_CUBE pd=UNITY_NO_DXT5nm UNITY_NO_RGBM UNITY_ENABLE_REFLECTION_BUFFERS UNITY_FRAMEBUFFER_FETCH_AVAILABLE UNITY_NO_CUBEMAP_ARRAY UNITY_NO_SCREENSPACE_SHADOWS UNITY_PBS_USE_BRDF3 UNITY_NO_FULL_STANDARD_SHADER SHADER_API_MOBILE UNITY_HARDWARE_TIER1 UNITY_COLORSPACE_GAMMA UNITY_LIGHTMAP_DLDR_ENCODING ok=1
Cmd: compileSnippet
  api=9 type=0 insize=1569 outsize=8010 kw=POINT_COOKIE SHADOWS_CUBE SHADOWS_SOFT pd=UNITY_NO_DXT5nm UNITY_NO_RGBM UNITY_ENABLE_REFLECTION_BUFFERS UNITY_FRAMEBUFFER_FETCH_AVAILABLE UNITY_NO_CUBEMAP_ARRAY UNITY_NO_SCREENSPACE_SHADOWS UNITY_PBS_USE_BRDF2 SHADER_API_MOBILE UNITY_HARDWARE_TIER2 UNITY_COLORSPACE_GAMMA UNITY_LIGHTMAP_DLDR_ENCODING ok=1
Cmd: compileSnippet
  api=5 type=1 insize=1569 outsize=0 kw=POINT pd=UNITY_NO_DXT5nm UNITY_NO_RGBM UNITY_ENABLE_REFLECTION_BUFFERS UNITY_FRAMEBUFFER_FETCH_AVAILABLE UNITY_NO_CUBEMAP_ARRAY UNITY_NO_SCREENSPACE_SHADOWS UNITY_PBS_USE_BRDF3 UNITY_NO_FULL_STANDARD_SHADER SHADER_API_MOBILE UNITY_HARDWARE_TIER1 UNITY_COLORSPACE_GAMMA UNITY_HALF_PRECISION_FRAGMENT_SHADER_REGISTERS UNITY_LIGHTMAP_DLDR_ENCODING ok=1
Cmd: compileSnippet
  api=9 type=1 insize=1569 outsize=0 kw=DIRECTIONAL pd=UNITY_NO_DXT5nm UNITY_NO_RGBM UNITY_ENABLE_REFLECTION_BUFFERS UNITY_FRAMEBUFFER_FETCH_AVAILABLE UNITY_NO_CUBEMAP_ARRAY UNITY_NO_SCREENSPACE_SHADOWS UNITY_PBS_USE_BRDF2 SHADER_API_MOBILE UNITY_HARDWARE_TIER3 UNITY_COLORSPACE_GAMMA UNITY_LIGHTMAP_DLDR_ENCODING ok=1
Cmd: compileSnippet
  api=5 type=1 insize=1569 outsize=0 kw=POINT_COOKIE pd=UNITY_NO_DXT5nm UNITY_NO_RGBM UNITY_ENABLE_REFLECTION_BUFFERS UNITY_FRAMEBUFFER_FETCH_AVAILABLE UNITY_NO_CUBEMAP_ARRAY UNITY_NO_SCREENSPACE_SHADOWS UNITY_PBS_USE_BRDF2 SHADER_API_MOBILE UNITY_HARDWARE_TIER2 UNITY_COLORSPACE_GAMMA UNITY_HALF_PRECISION_FRAGMENT_SHADER_REGISTERS UNITY_LIGHTMAP_DLDR_ENCODING ok=1
Cmd: compileSnippet
  api=9 type=1 insize=1569 outsize=0 kw=DIRECTIONAL_COOKIE pd=UNITY_NO_DXT5nm UNITY_NO_RGBM UNITY_ENABLE_REFLECTION_BUFFERS UNITY_FRAMEBUFFER_FETCH_AVAILABLE UNITY_NO_CUBEMAP_ARRAY UNITY_NO_SCREENSPACE_SHADOWS UNITY_PBS_USE_BRDF2 SHADER_API_MOBILE UNITY_HARDWARE_TIER2 UNITY_COLORSPACE_GAMMA UNITY_LIGHTMAP_DLDR_ENCODING ok=1
Cmd: compileSnippet
  api=9 type=1 insize=1569 outsize=0 kw=SPOT SHADOWS_DEPTH SHADOWS_SOFT pd=UNITY_NO_DXT5nm UNITY_NO_RGBM UNITY_ENABLE_REFLECTION_BUFFERS UNITY_FRAMEBUFFER_FETCH_AVAILABLE UNITY_NO_CUBEMAP_ARRAY UNITY_NO_SCREENSPACE_SHADOWS UNITY_PBS_USE_BRDF2 SHADER_API_MOBILE UNITY_HARDWARE_TIER2 UNITY_COLORSPACE_GAMMA UNITY_LIGHTMAP_DLDR_ENCODING ok=1
Cmd: compileSnippet
  api=5 type=1 insize=1569 outsize=0 kw=DIRECTIONAL_COOKIE SHADOWS_SCREEN pd=UNITY_NO_DXT5nm UNITY_NO_RGBM UNITY_ENABLE_REFLECTION_BUFFERS UNITY_FRAMEBUFFER_FETCH_AVAILABLE UNITY_NO_CUBEMAP_ARRAY UNITY_NO_SCREENSPACE_SHADOWS UNITY_PBS_USE_BRDF3 UNITY_NO_FULL_STANDARD_SHADER SHADER_API_MOBILE UNITY_HARDWARE_TIER1 UNITY_COLORSPACE_GAMMA UNITY_HALF_PRECISION_FRAGMENT_SHADER_REGISTERS UNITY_LIGHTMAP_DLDR_ENCODING ok=1
Cmd: compileSnippet
  api=9 type=1 insize=1569 outsize=0 kw=POINT SHADOWS_CUBE pd=UNITY_NO_DXT5nm UNITY_NO_RGBM UNITY_ENABLE_REFLECTION_BUFFERS UNITY_FRAMEBUFFER_FETCH_AVAILABLE UNITY_NO_CUBEMAP_ARRAY UNITY_NO_SCREENSPACE_SHADOWS UNITY_PBS_USE_BRDF2 SHADER_API_MOBILE UNITY_HARDWARE_TIER3 UNITY_COLORSPACE_GAMMA UNITY_LIGHTMAP_DLDR_ENCODING ok=1
Cmd: compileSnippet
  api=5 type=1 insize=1569 outsize=0 kw=POINT_COOKIE SHADOWS_CUBE pd=UNITY_NO_DXT5nm UNITY_NO_RGBM UNITY_ENABLE_REFLECTION_BUFFERS UNITY_FRAMEBUFFER_FETCH_AVAILABLE UNITY_NO_CUBEMAP_ARRAY UNITY_NO_SCREENSPACE_SHADOWS UNITY_PBS_USE_BRDF2 SHADER_API_MOBILE UNITY_HARDWARE_TIER2 UNITY_COLORSPACE_GAMMA UNITY_HALF_PRECISION_FRAGMENT_SHADER_REGISTERS UNITY_LIGHTMAP_DLDR_ENCODING ok=1
Cmd: compileSnippet
  api=5 type=1 insize=1569 outsize=0 kw=POINT_COOKIE SHADOWS_CUBE SHADOWS_SOFT pd=UNITY_NO_DXT5nm UNITY_NO_RGBM UNITY_ENABLE_REFLECTION_BUFFERS UNITY_FRAMEBUFFER_FETCH_AVAILABLE UNITY_NO_CUBEMAP_ARRAY UNITY_NO_SCREENSPACE_SHADOWS UNITY_PBS_USE_BRDF2 SHADER_API_MOBILE UNITY_HARDWARE_TIER3 UNITY_COLORSPACE_GAMMA UNITY_HALF_PRECISION_FRAGMENT_SHADER_REGISTERS UNITY_LIGHTMAP_DLDR_ENCODING ok=1
Cmd: compileSnippet
  api=9 type=0 insize=1562 outsize=5642 kw=POINT pd=UNITY_NO_DXT5nm UNITY_NO_RGBM UNITY_ENABLE_REFLECTION_BUFFERS UNITY_FRAMEBUFFER_FETCH_AVAILABLE UNITY_NO_CUBEMAP_ARRAY UNITY_NO_SCREENSPACE_SHADOWS UNITY_PBS_USE_BRDF2 SHADER_API_MOBILE UNITY_HARDWARE_TIER3 UNITY_COLORSPACE_GAMMA UNITY_LIGHTMAP_DLDR_ENCODING ok=1
Cmd: compileSnippet
  api=5 type=0 insize=1562 outsize=6263 kw=SPOT pd=UNITY_NO_DXT5nm UNITY_NO_RGBM UNITY_ENABLE_REFLECTION_BUFFERS UNITY_FRAMEBUFFER_FETCH_AVAILABLE UNITY_NO_CUBEMAP_ARRAY UNITY_NO_SCREENSPACE_SHADOWS UNITY_PBS_USE_BRDF2 SHADER_API_MOBILE UNITY_HARDWARE_TIER3 UNITY_COLORSPACE_GAMMA UNITY_HALF_PRECISION_FRAGMENT_SHADER_REGISTERS UNITY_LIGHTMAP_DLDR_ENCODING ok=1
Cmd: compileSnippet
  api=9 type=0 insize=1562 outsize=6175 kw=POINT_COOKIE pd=UNITY_NO_DXT5nm UNITY_NO_RGBM UNITY_ENABLE_REFLECTION_BUFFERS UNITY_FRAMEBUFFER_FETCH_AVAILABLE UNITY_NO_CUBEMAP_ARRAY UNITY_NO_SCREENSPACE_SHADOWS UNITY_PBS_USE_BRDF2 SHADER_API_MOBILE UNITY_HARDWARE_TIER2 UNITY_COLORSPACE_GAMMA UNITY_LIGHTMAP_DLDR_ENCODING ok=1
Cmd: compileSnippet
  api=9 type=0 insize=1562 outsize=5773 kw=DIRECTIONAL_COOKIE pd=UNITY_NO_DXT5nm UNITY_NO_RGBM UNITY_ENABLE_REFLECTION_BUFFERS UNITY_FRAMEBUFFER_FETCH_AVAILABLE UNITY_NO_CUBEMAP_ARRAY UNITY_NO_SCREENSPACE_SHADOWS UNITY_PBS_USE_BRDF2 SHADER_API_MOBILE UNITY_HARDWARE_TIER3 UNITY_COLORSPACE_GAMMA UNITY_LIGHTMAP_DLDR_ENCODING ok=1
Cmd: compileSnippet
  api=5 type=0 insize=1562 outsize=7808 kw=SPOT SHADOWS_DEPTH SHADOWS_SOFT pd=UNITY_NO_DXT5nm UNITY_NO_RGBM UNITY_ENABLE_REFLECTION_BUFFERS UNITY_FRAMEBUFFER_FETCH_AVAILABLE UNITY_NO_CUBEMAP_ARRAY UNITY_NO_SCREENSPACE_SHADOWS UNITY_PBS_USE_BRDF2 SHADER_API_MOBILE UNITY_HARDWARE_TIER2 UNITY_COLORSPACE_GAMMA UNITY_HALF_PRECISION_FRAGMENT_SHADER_REGISTERS UNITY_LIGHTMAP_DLDR_ENCODING ok=1
Cmd: compileSnippet
  api=9 type=0 insize=1562 outsize=5908 kw=DIRECTIONAL SHADOWS_SCREEN pd=UNITY_NO_DXT5nm UNITY_NO_RGBM UNITY_ENABLE_REFLECTION_BUFFERS UNITY_FRAMEBUFFER_FETCH_AVAILABLE UNITY_NO_CUBEMAP_ARRAY UNITY_NO_SCREENSPACE_SHADOWS UNITY_PBS_USE_BRDF3 UNITY_NO_FULL_STANDARD_SHADER SHADER_API_MOBILE UNITY_HARDWARE_TIER1 UNITY_COLORSPACE_GAMMA UNITY_LIGHTMAP_DLDR_ENCODING ok=1
Cmd: compileSnippet
  api=9 type=0 insize=1562 outsize=6280 kw=DIRECTIONAL_COOKIE SHADOWS_SCREEN pd=UNITY_NO_DXT5nm UNITY_NO_RGBM UNITY_ENABLE_REFLECTION_BUFFERS UNITY_FRAMEBUFFER_FETCH_AVAILABLE UNITY_NO_CUBEMAP_ARRAY UNITY_NO_SCREENSPACE_SHADOWS UNITY_PBS_USE_BRDF2 SHADER_API_MOBILE UNITY_HARDWARE_TIER3 UNITY_COLORSPACE_GAMMA UNITY_LIGHTMAP_DLDR_ENCODING ok=1
Cmd: compileSnippet
  api=5 type=0 insize=1562 outsize=7845 kw=POINT SHADOWS_CUBE SHADOWS_SOFT pd=UNITY_NO_DXT5nm UNITY_NO_RGBM UNITY_ENABLE_REFLECTION_BUFFERS UNITY_FRAMEBUFFER_FETCH_AVAILABLE UNITY_NO_CUBEMAP_ARRAY UNITY_NO_SCREENSPACE_SHADOWS UNITY_PBS_USE_BRDF2 SHADER_API_MOBILE UNITY_HARDWARE_TIER2 UNITY_COLORSPACE_GAMMA UNITY_HALF_PRECISION_FRAGMENT_SHADER_REGISTERS UNITY_LIGHTMAP_DLDR_ENCODING ok=1
Cmd: compileSnippet
  api=9 type=0 insize=1562 outsize=7324 kw=POINT_COOKIE SHADOWS_CUBE pd=UNITY_NO_DXT5nm UNITY_NO_RGBM UNITY_ENABLE_REFLECTION_BUFFERS UNITY_FRAMEBUFFER_FETCH_AVAILABLE UNITY_NO_CUBEMAP_ARRAY UNITY_NO_SCREENSPACE_SHADOWS UNITY_PBS_USE_BRDF3 UNITY_NO_FULL_STANDARD_SHADER SHADER_API_MOBILE UNITY_HARDWARE_TIER1 UNITY_COLORSPACE_GAMMA UNITY_LIGHTMAP_DLDR_ENCODING ok=1
Cmd: compileSnippet
  api=9 type=0 insize=1562 outsize=8001 kw=POINT_COOKIE SHADOWS_CUBE SHADOWS_SOFT pd=UNITY_NO_DXT5nm UNITY_NO_RGBM UNITY_ENABLE_REFLECTION_BUFFERS UNITY_FRAMEBUFFER_FETCH_AVAILABLE UNITY_NO_CUBEMAP_ARRAY UNITY_NO_SCREENSPACE_SHADOWS UNITY_PBS_USE_BRDF2 SHADER_API_MOBILE UNITY_HARDWARE_TIER3 UNITY_COLORSPACE_GAMMA UNITY_LIGHTMAP_DLDR_ENCODING ok=1
Cmd: compileSnippet
  api=5 type=1 insize=1562 outsize=0 kw=POINT pd=UNITY_NO_DXT5nm UNITY_NO_RGBM UNITY_ENABLE_REFLECTION_BUFFERS UNITY_FRAMEBUFFER_FETCH_AVAILABLE UNITY_NO_CUBEMAP_ARRAY UNITY_NO_SCREENSPACE_SHADOWS UNITY_PBS_USE_BRDF2 SHADER_API_MOBILE UNITY_HARDWARE_TIER3 UNITY_COLORSPACE_GAMMA UNITY_HALF_PRECISION_FRAGMENT_SHADER_REGISTERS UNITY_LIGHTMAP_DLDR_ENCODING ok=1
Cmd: compileSnippet
  api=9 type=1 insize=1562 outsize=0 kw=SPOT pd=UNITY_NO_DXT5nm UNITY_NO_RGBM UNITY_ENABLE_REFLECTION_BUFFERS UNITY_FRAMEBUFFER_FETCH_AVAILABLE UNITY_NO_CUBEMAP_ARRAY UNITY_NO_SCREENSPACE_SHADOWS UNITY_PBS_USE_BRDF3 UNITY_NO_FULL_STANDARD_SHADER SHADER_API_MOBILE UNITY_HARDWARE_TIER1 UNITY_COLORSPACE_GAMMA UNITY_LIGHTMAP_DLDR_ENCODING ok=1
Cmd: compileSnippet
  api=9 type=1 insize=1562 outsize=0 kw=POINT_COOKIE pd=UNITY_NO_DXT5nm UNITY_NO_RGBM UNITY_ENABLE_REFLECTION_BUFFERS UNITY_FRAMEBUFFER_FETCH_AVAILABLE UNITY_NO_CUBEMAP_ARRAY UNITY_NO_SCREENSPACE_SHADOWS UNITY_PBS_USE_BRDF2 SHADER_API_MOBILE UNITY_HARDWARE_TIER3 UNITY_COLORSPACE_GAMMA UNITY_LIGHTMAP_DLDR_ENCODING ok=1
Cmd: compileSnippet
  api=5 type=1 insize=1562 outsize=0 kw=SPOT SHADOWS_DEPTH pd=UNITY_NO_DXT5nm UNITY_NO_RGBM UNITY_ENABLE_REFLECTION_BUFFERS UNITY_FRAMEBUFFER_FETCH_AVAILABLE UNITY_NO_CUBEMAP_ARRAY UNITY_NO_SCREENSPACE_SHADOWS UNITY_PBS_USE_BRDF2 SHADER_API_MOBILE UNITY_HARDWARE_TIER2 UNITY_COLORSPACE_GAMMA UNITY_HALF_PRECISION_FRAGMENT_SHADER_REGISTERS UNITY_LIGHTMAP_DLDR_ENCODING ok=1
Cmd: compileSnippet
  api=9 type=1 insize=1562 outsize=0 kw=SPOT SHADOWS_DEPTH SHADOWS_SOFT pd=UNITY_NO_DXT5nm UNITY_NO_RGBM UNITY_ENABLE_REFLECTION_BUFFERS UNITY_FRAMEBUFFER_FETCH_AVAILABLE UNITY_NO_CUBEMAP_ARRAY UNITY_NO_SCREENSPACE_SHADOWS UNITY_PBS_USE_BRDF3 UNITY_NO_FULL_STANDARD_SHADER SHADER_API_MOBILE UNITY_HARDWARE_TIER1 UNITY_COLORSPACE_GAMMA UNITY_LIGHTMAP_DLDR_ENCODING ok=1
Cmd: compileSnippet
  api=9 type=1 insize=1562 outsize=0 kw=DIRECTIONAL SHADOWS_SCREEN pd=UNITY_NO_DXT5nm UNITY_NO_RGBM UNITY_ENABLE_REFLECTION_BUFFERS UNITY_FRAMEBUFFER_FETCH_AVAILABLE UNITY_NO_CUBEMAP_ARRAY UNITY_NO_SCREENSPACE_SHADOWS UNITY_PBS_USE_BRDF2 SHADER_API_MOBILE UNITY_HARDWARE_TIER2 UNITY_COLORSPACE_GAMMA UNITY_LIGHTMAP_DLDR_ENCODING ok=1
Cmd: compileSnippet
  api=5 type=1 insize=1562 outsize=0 kw=POINT SHADOWS_CUBE pd=UNITY_NO_DXT5nm UNITY_NO_RGBM UNITY_ENABLE_REFLECTION_BUFFERS UNITY_FRAMEBUFFER_FETCH_AVAILABLE UNITY_NO_CUBEMAP_ARRAY UNITY_NO_SCREENSPACE_SHADOWS UNITY_PBS_USE_BRDF3 UNITY_NO_FULL_STANDARD_SHADER SHADER_API_MOBILE UNITY_HARDWARE_TIER1 UNITY_COLORSPACE_GAMMA UNITY_HALF_PRECISION_FRAGMENT_SHADER_REGISTERS UNITY_LIGHTMAP_DLDR_ENCODING ok=1
Cmd: compileSnippet
  api=9 type=1 insize=1562 outsize=0 kw=POINT SHADOWS_CUBE SHADOWS_SOFT pd=UNITY_NO_DXT5nm UNITY_NO_RGBM UNITY_ENABLE_REFLECTION_BUFFERS UNITY_FRAMEBUFFER_FETCH_AVAILABLE UNITY_NO_CUBEMAP_ARRAY UNITY_NO_SCREENSPACE_SHADOWS UNITY_PBS_USE_BRDF2 SHADER_API_MOBILE UNITY_HARDWARE_TIER2 UNITY_COLORSPACE_GAMMA UNITY_LIGHTMAP_DLDR_ENCODING ok=1
Cmd: compileSnippet
  api=5 type=1 insize=1562 outsize=0 kw=POINT_COOKIE SHADOWS_CUBE SHADOWS_SOFT pd=UNITY_NO_DXT5nm UNITY_NO_RGBM UNITY_ENABLE_REFLECTION_BUFFERS UNITY_FRAMEBUFFER_FETCH_AVAILABLE UNITY_NO_CUBEMAP_ARRAY UNITY_NO_SCREENSPACE_SHADOWS UNITY_PBS_USE_BRDF3 UNITY_NO_FULL_STANDARD_SHADER SHADER_API_MOBILE UNITY_HARDWARE_TIER1 UNITY_COLORSPACE_GAMMA UNITY_HALF_PRECISION_FRAGMENT_SHADER_REGISTERS UNITY_LIGHTMAP_DLDR_ENCODING ok=1
Cmd: compileSnippet
  api=9 type=0 insize=11816 outsize=5920 kw= pd=UNITY_NO_DXT5nm UNITY_NO_RGBM UNITY_ENABLE_REFLECTION_BUFFERS UNITY_FRAMEBUFFER_FETCH_AVAILABLE UNITY_NO_CUBEMAP_ARRAY UNITY_NO_SCREENSPACE_SHADOWS UNITY_PBS_USE_BRDF3 UNITY_NO_FULL_STANDARD_SHADER SHADER_API_MOBILE UNITY_HARDWARE_TIER1 UNITY_COLORSPACE_GAMMA UNITY_LIGHTMAP_DLDR_ENCODING ok=1
Cmd: compileSnippet
  api=9 type=0 insize=11816 outsize=6466 kw=SHADOWS_SPLIT_SPHERES pd=UNITY_NO_DXT5nm UNITY_NO_RGBM UNITY_ENABLE_REFLECTION_BUFFERS UNITY_FRAMEBUFFER_FETCH_AVAILABLE UNITY_NO_CUBEMAP_ARRAY UNITY_NO_SCREENSPACE_SHADOWS UNITY_PBS_USE_BRDF2 SHADER_API_MOBILE UNITY_HARDWARE_TIER2 UNITY_COLORSPACE_GAMMA UNITY_LIGHTMAP_DLDR_ENCODING ok=1
Cmd: compileSnippet
  api=5 type=0 insize=11816 outsize=4159 kw=SHADOWS_SPLIT_SPHERES SHADOWS_SINGLE_CASCADE pd=UNITY_NO_DXT5nm UNITY_NO_RGBM UNITY_ENABLE_REFLECTION_BUFFERS UNITY_FRAMEBUFFER_FETCH_AVAILABLE UNITY_NO_CUBEMAP_ARRAY UNITY_NO_SCREENSPACE_SHADOWS UNITY_PBS_USE_BRDF3 UNITY_NO_FULL_STANDARD_SHADER SHADER_API_MOBILE UNITY_HARDWARE_TIER1 UNITY_COLORSPACE_GAMMA UNITY_HALF_PRECISION_FRAGMENT_SHADER_REGISTERS UNITY_LIGHTMAP_DLDR_ENCODING ok=1
Cmd: compileSnippet
  api=5 type=1 insize=11816 outsize=0 kw= pd=UNITY_NO_DXT5nm UNITY_NO_RGBM UNITY_ENABLE_REFLECTION_BUFFERS UNITY_FRAMEBUFFER_FETCH_AVAILABLE UNITY_NO_CUBEMAP_ARRAY UNITY_NO_SCREENSPACE_SHADOWS UNITY_PBS_USE_BRDF2 SHADER_API_MOBILE UNITY_HARDWARE_TIER2 UNITY_COLORSPACE_GAMMA UNITY_HALF_PRECISION_FRAGMENT_SHADER_REGISTERS UNITY_LIGHTMAP_DLDR_ENCODING ok=1
Cmd: compileSnippet
  api=5 type=1 insize=11816 outsize=0 kw=SHADOWS_SINGLE_CASCADE pd=UNITY_NO_DXT5nm UNITY_NO_RGBM UNITY_ENABLE_REFLECTION_BUFFERS UNITY_FRAMEBUFFER_FETCH_AVAILABLE UNITY_NO_CUBEMAP_ARRAY UNITY_NO_SCREENSPACE_SHADOWS UNITY_PBS_USE_BRDF2 SHADER_API_MOBILE UNITY_HARDWARE_TIER2 UNITY_COLORSPACE_GAMMA UNITY_HALF_PRECISION_FRAGMENT_SHADER_REGISTERS UNITY_LIGHTMAP_DLDR_ENCODING ok=1
Cmd: compileSnippet
  api=9 type=1 insize=11816 outsize=0 kw=SHADOWS_SPLIT_SPHERES SHADOWS_SINGLE_CASCADE pd=UNITY_NO_DXT5nm UNITY_NO_RGBM UNITY_ENABLE_REFLECTION_BUFFERS UNITY_FRAMEBUFFER_FETCH_AVAILABLE UNITY_NO_CUBEMAP_ARRAY UNITY_NO_SCREENSPACE_SHADOWS UNITY_PBS_USE_BRDF2 SHADER_API_MOBILE UNITY_HARDWARE_TIER2 UNITY_COLORSPACE_GAMMA UNITY_LIGHTMAP_DLDR_ENCODING ok=1
Cmd: compileSnippet
  api=5 type=0 insize=11820 outsize=5710 kw= pd=UNITY_NO_DXT5nm UNITY_NO_RGBM UNITY_ENABLE_REFLECTION_BUFFERS UNITY_FRAMEBUFFER_FETCH_AVAILABLE UNITY_NO_CUBEMAP_ARRAY UNITY_NO_SCREENSPACE_SHADOWS UNITY_PBS_USE_BRDF3 UNITY_NO_FULL_STANDARD_SHADER SHADER_API_MOBILE UNITY_HARDWARE_TIER1 UNITY_COLORSPACE_GAMMA UNITY_HALF_PRECISION_FRAGMENT_SHADER_REGISTERS UNITY_LIGHTMAP_DLDR_ENCODING ok=1
Cmd: compileSnippet
  api=5 type=0 insize=11820 outsize=3983 kw=SHADOWS_SINGLE_CASCADE pd=UNITY_NO_DXT5nm UNITY_NO_RGBM UNITY_ENABLE_REFLECTION_BUFFERS UNITY_FRAMEBUFFER_FETCH_AVAILABLE UNITY_NO_CUBEMAP_ARRAY UNITY_NO_SCREENSPACE_SHADOWS UNITY_PBS_USE_BRDF2 SHADER_API_MOBILE UNITY_HARDWARE_TIER3 UNITY_COLORSPACE_GAMMA UNITY_HALF_PRECISION_FRAGMENT_SHADER_REGISTERS UNITY_LIGHTMAP_DLDR_ENCODING ok=1
Cmd: compileSnippet
  api=9 type=0 insize=11820 outsize=4035 kw=SHADOWS_SPLIT_SPHERES SHADOWS_SINGLE_CASCADE pd=UNITY_NO_DXT5nm UNITY_NO_RGBM UNITY_ENABLE_REFLECTION_BUFFERS UNITY_FRAMEBUFFER_FETCH_AVAILABLE UNITY_NO_CUBEMAP_ARRAY UNITY_NO_SCREENSPACE_SHADOWS UNITY_PBS_USE_BRDF2 SHADER_API_MOBILE UNITY_HARDWARE_TIER2 UNITY_COLORSPACE_GAMMA UNITY_LIGHTMAP_DLDR_ENCODING ok=1
Cmd: compileSnippet
  api=5 type=1 insize=11820 outsize=0 kw= pd=UNITY_NO_DXT5nm UNITY_NO_RGBM UNITY_ENABLE_REFLECTION_BUFFERS UNITY_FRAMEBUFFER_FETCH_AVAILABLE UNITY_NO_CUBEMAP_ARRAY UNITY_NO_SCREENSPACE_SHADOWS UNITY_PBS_USE_BRDF2 SHADER_API_MOBILE UNITY_HARDWARE_TIER2 UNITY_COLORSPACE_GAMMA UNITY_HALF_PRECISION_FRAGMENT_SHADER_REGISTERS UNITY_LIGHTMAP_DLDR_ENCODING ok=1
Cmd: compileSnippet
  api=9 type=1 insize=11820 outsize=0 kw=SHADOWS_SPLIT_SPHERES pd=UNITY_NO_DXT5nm UNITY_NO_RGBM UNITY_ENABLE_REFLECTION_BUFFERS UNITY_FRAMEBUFFER_FETCH_AVAILABLE UNITY_NO_CUBEMAP_ARRAY UNITY_NO_SCREENSPACE_SHADOWS UNITY_PBS_USE_BRDF2 SHADER_API_MOBILE UNITY_HARDWARE_TIER3 UNITY_COLORSPACE_GAMMA UNITY_LIGHTMAP_DLDR_ENCODING ok=1
Cmd: compileSnippet
  api=5 type=1 insize=11820 outsize=0 kw=SHADOWS_SPLIT_SPHERES SHADOWS_SINGLE_CASCADE pd=UNITY_NO_DXT5nm UNITY_NO_RGBM UNITY_ENABLE_REFLECTION_BUFFERS UNITY_FRAMEBUFFER_FETCH_AVAILABLE UNITY_NO_CUBEMAP_ARRAY UNITY_NO_SCREENSPACE_SHADOWS UNITY_PBS_USE_BRDF2 SHADER_API_MOBILE UNITY_HARDWARE_TIER2 UNITY_COLORSPACE_GAMMA UNITY_HALF_PRECISION_FRAGMENT_SHADER_REGISTERS UNITY_LIGHTMAP_DLDR_ENCODING ok=1
Cmd: compileSnippet
  api=5 type=0 insize=11846 outsize=8129 kw= pd=UNITY_NO_DXT5nm UNITY_NO_RGBM UNITY_ENABLE_REFLECTION_BUFFERS UNITY_FRAMEBUFFER_FETCH_AVAILABLE UNITY_NO_CUBEMAP_ARRAY UNITY_NO_SCREENSPACE_SHADOWS UNITY_PBS_USE_BRDF3 UNITY_NO_FULL_STANDARD_SHADER SHADER_API_MOBILE UNITY_HARDWARE_TIER1 UNITY_COLORSPACE_GAMMA UNITY_HALF_PRECISION_FRAGMENT_SHADER_REGISTERS UNITY_LIGHTMAP_DLDR_ENCODING ok=1
Cmd: compileSnippet
  api=9 type=0 insize=11846 outsize=10470 kw=SHADOWS_SPLIT_SPHERES pd=UNITY_NO_DXT5nm UNITY_NO_RGBM UNITY_ENABLE_REFLECTION_BUFFERS UNITY_FRAMEBUFFER_FETCH_AVAILABLE UNITY_NO_CUBEMAP_ARRAY UNITY_NO_SCREENSPACE_SHADOWS UNITY_PBS_USE_BRDF2 SHADER_API_MOBILE UNITY_HARDWARE_TIER3 UNITY_COLORSPACE_GAMMA UNITY_LIGHTMAP_DLDR_ENCODING ok=1
Cmd: compileSnippet
  api=9 type=0 insize=11846 outsize=8189 kw=SHADOWS_SPLIT_SPHERES SHADOWS_SINGLE_CASCADE pd=UNITY_NO_DXT5nm UNITY_NO_RGBM UNITY_ENABLE_REFLECTION_BUFFERS UNITY_FRAMEBUFFER_FETCH_AVAILABLE UNITY_NO_CUBEMAP_ARRAY UNITY_NO_SCREENSPACE_SHADOWS UNITY_PBS_USE_BRDF2 SHADER_API_MOBILE UNITY_HARDWARE_TIER2 UNITY_COLORSPACE_GAMMA UNITY_LIGHTMAP_DLDR_ENCODING ok=1
Cmd: compileSnippet
  api=5 type=1 insize=11846 outsize=0 kw= pd=UNITY_NO_DXT5nm UNITY_NO_RGBM UNITY_ENABLE_REFLECTION_BUFFERS UNITY_FRAMEBUFFER_FETCH_AVAILABLE UNITY_NO_CUBEMAP_ARRAY UNITY_NO_SCREENSPACE_SHADOWS UNITY_PBS_USE_BRDF2 SHADER_API_MOBILE UNITY_HARDWARE_TIER2 UNITY_COLORSPACE_GAMMA UNITY_HALF_PRECISION_FRAGMENT_SHADER_REGISTERS UNITY_LIGHTMAP_DLDR_ENCODING ok=1
Cmd: compileSnippet
  api=5 type=1 insize=11846 outsize=0 kw=SHADOWS_SINGLE_CASCADE pd=UNITY_NO_DXT5nm UNITY_NO_RGBM UNITY_ENABLE_REFLECTION_BUFFERS UNITY_FRAMEBUFFER_FETCH_AVAILABLE UNITY_NO_CUBEMAP_ARRAY UNITY_NO_SCREENSPACE_SHADOWS UNITY_PBS_USE_BRDF2 SHADER_API_MOBILE UNITY_HARDWARE_TIER3 UNITY_COLORSPACE_GAMMA UNITY_HALF_PRECISION_FRAGMENT_SHADER_REGISTERS UNITY_LIGHTMAP_DLDR_ENCODING ok=1
Cmd: compileSnippet
  api=9 type=1 insize=11846 outsize=0 kw=SHADOWS_SPLIT_SPHERES SHADOWS_SINGLE_CASCADE pd=UNITY_NO_DXT5nm UNITY_NO_RGBM UNITY_ENABLE_REFLECTION_BUFFERS UNITY_FRAMEBUFFER_FETCH_AVAILABLE UNITY_NO_CUBEMAP_ARRAY UNITY_NO_SCREENSPACE_SHADOWS UNITY_PBS_USE_BRDF2 SHADER_API_MOBILE UNITY_HARDWARE_TIER2 UNITY_COLORSPACE_GAMMA UNITY_LIGHTMAP_DLDR_ENCODING ok=1
Cmd: compileSnippet
  api=5 type=0 insize=11850 outsize=7956 kw= pd=UNITY_NO_DXT5nm UNITY_NO_RGBM UNITY_ENABLE_REFLECTION_BUFFERS UNITY_FRAMEBUFFER_FETCH_AVAILABLE UNITY_NO_CUBEMAP_ARRAY UNITY_NO_SCREENSPACE_SHADOWS UNITY_PBS_USE_BRDF3 UNITY_NO_FULL_STANDARD_SHADER SHADER_API_MOBILE UNITY_HARDWARE_TIER1 UNITY_COLORSPACE_GAMMA UNITY_HALF_PRECISION_FRAGMENT_SHADER_REGISTERS UNITY_LIGHTMAP_DLDR_ENCODING ok=1
Cmd: compileSnippet
  api=9 type=0 insize=11850 outsize=10321 kw=SHADOWS_SPLIT_SPHERES pd=UNITY_NO_DXT5nm UNITY_NO_RGBM UNITY_ENABLE_REFLECTION_BUFFERS UNITY_FRAMEBUFFER_FETCH_AVAILABLE UNITY_NO_CUBEMAP_ARRAY UNITY_NO_SCREENSPACE_SHADOWS UNITY_PBS_USE_BRDF2 SHADER_API_MOBILE UNITY_HARDWARE_TIER3 UNITY_COLORSPACE_GAMMA UNITY_LIGHTMAP_DLDR_ENCODING ok=1
Cmd: compileSnippet
  api=9 type=0 insize=11850 outsize=8040 kw=SHADOWS_SPLIT_SPHERES SHADOWS_SINGLE_CASCADE pd=UNITY_NO_DXT5nm UNITY_NO_RGBM UNITY_ENABLE_REFLECTION_BUFFERS UNITY_FRAMEBUFFER_FETCH_AVAILABLE UNITY_NO_CUBEMAP_ARRAY UNITY_NO_SCREENSPACE_SHADOWS UNITY_PBS_USE_BRDF2 SHADER_API_MOBILE UNITY_HARDWARE_TIER2 UNITY_COLORSPACE_GAMMA UNITY_LIGHTMAP_DLDR_ENCODING ok=1
Cmd: compileSnippet
  api=5 type=1 insize=11850 outsize=0 kw= pd=UNITY_NO_DXT5nm UNITY_NO_RGBM UNITY_ENABLE_REFLECTION_BUFFERS UNITY_FRAMEBUFFER_FETCH_AVAILABLE UNITY_NO_CUBEMAP_ARRAY UNITY_NO_SCREENSPACE_SHADOWS UNITY_PBS_USE_BRDF3 UNITY_NO_FULL_STANDARD_SHADER SHADER_API_MOBILE UNITY_HARDWARE_TIER1 UNITY_COLORSPACE_GAMMA UNITY_HALF_PRECISION_FRAGMENT_SHADER_REGISTERS UNITY_LIGHTMAP_DLDR_ENCODING ok=1
Cmd: compileSnippet
  api=5 type=1 insize=11850 outsize=0 kw=SHADOWS_SINGLE_CASCADE pd=UNITY_NO_DXT5nm UNITY_NO_RGBM UNITY_ENABLE_REFLECTION_BUFFERS UNITY_FRAMEBUFFER_FETCH_AVAILABLE UNITY_NO_CUBEMAP_ARRAY UNITY_NO_SCREENSPACE_SHADOWS UNITY_PBS_USE_BRDF2 SHADER_API_MOBILE UNITY_HARDWARE_TIER2 UNITY_COLORSPACE_GAMMA UNITY_HALF_PRECISION_FRAGMENT_SHADER_REGISTERS UNITY_LIGHTMAP_DLDR_ENCODING ok=1
Cmd: compileSnippet
  api=9 type=1 insize=11850 outsize=0 kw=SHADOWS_SPLIT_SPHERES SHADOWS_SINGLE_CASCADE pd=UNITY_NO_DXT5nm UNITY_NO_RGBM UNITY_ENABLE_REFLECTION_BUFFERS UNITY_FRAMEBUFFER_FETCH_AVAILABLE UNITY_NO_CUBEMAP_ARRAY UNITY_NO_SCREENSPACE_SHADOWS UNITY_PBS_USE_BRDF3 UNITY_NO_FULL_STANDARD_SHADER SHADER_API_MOBILE UNITY_HARDWARE_TIER1 UNITY_COLORSPACE_GAMMA UNITY_LIGHTMAP_DLDR_ENCODING ok=1
Cmd: compileSnippet
  api=5 type=0 insize=1402 outsize=2585 kw= pd=UNITY_NO_DXT5nm UNITY_NO_RGBM UNITY_ENABLE_REFLECTION_BUFFERS UNITY_FRAMEBUFFER_FETCH_AVAILABLE UNITY_NO_CUBEMAP_ARRAY UNITY_NO_SCREENSPACE_SHADOWS UNITY_PBS_USE_BRDF3 UNITY_NO_FULL_STANDARD_SHADER SHADER_API_MOBILE UNITY_HARDWARE_TIER1 UNITY_COLORSPACE_GAMMA UNITY_HALF_PRECISION_FRAGMENT_SHADER_REGISTERS UNITY_LIGHTMAP_DLDR_ENCODING ok=1
Cmd: compileSnippet
  api=5 type=1 insize=1402 outsize=0 kw= pd=UNITY_NO_DXT5nm UNITY_NO_RGBM UNITY_ENABLE_REFLECTION_BUFFERS UNITY_FRAMEBUFFER_FETCH_AVAILABLE UNITY_NO_CUBEMAP_ARRAY UNITY_NO_SCREENSPACE_SHADOWS UNITY_PBS_USE_BRDF2 SHADER_API_MOBILE UNITY_HARDWARE_TIER2 UNITY_COLORSPACE_GAMMA UNITY_HALF_PRECISION_FRAGMENT_SHADER_REGISTERS UNITY_LIGHTMAP_DLDR_ENCODING ok=1
Cmd: compileSnippet
  api=5 type=0 insize=1582 outsize=1428 kw= pd=UNITY_NO_DXT5nm UNITY_NO_RGBM UNITY_ENABLE_REFLECTION_BUFFERS UNITY_FRAMEBUFFER_FETCH_AVAILABLE UNITY_NO_CUBEMAP_ARRAY UNITY_NO_SCREENSPACE_SHADOWS UNITY_PBS_USE_BRDF2 SHADER_API_MOBILE UNITY_HARDWARE_TIER2 UNITY_COLORSPACE_GAMMA UNITY_HALF_PRECISION_FRAGMENT_SHADER_REGISTERS UNITY_LIGHTMAP_DLDR_ENCODING ok=1
Cmd: compileSnippet
  api=5 type=1 insize=1582 outsize=0 kw= pd=UNITY_NO_DXT5nm UNITY_NO_RGBM UNITY_ENABLE_REFLECTION_BUFFERS UNITY_FRAMEBUFFER_FETCH_AVAILABLE UNITY_NO_CUBEMAP_ARRAY UNITY_NO_SCREENSPACE_SHADOWS UNITY_PBS_USE_BRDF3 UNITY_NO_FULL_STANDARD_SHADER SHADER_API_MOBILE UNITY_HARDWARE_TIER1 UNITY_COLORSPACE_GAMMA UNITY_HALF_PRECISION_FRAGMENT_SHADER_REGISTERS UNITY_LIGHTMAP_DLDR_ENCODING ok=1
Cmd: compileSnippet
  api=5 type=0 insize=1605 outsize=1310 kw= pd=UNITY_NO_DXT5nm UNITY_NO_RGBM UNITY_ENABLE_REFLECTION_BUFFERS UNITY_FRAMEBUFFER_FETCH_AVAILABLE UNITY_NO_CUBEMAP_ARRAY UNITY_NO_SCREENSPACE_SHADOWS UNITY_PBS_USE_BRDF3 UNITY_NO_FULL_STANDARD_SHADER SHADER_API_MOBILE UNITY_HARDWARE_TIER1 UNITY_COLORSPACE_GAMMA UNITY_HALF_PRECISION_FRAGMENT_SHADER_REGISTERS UNITY_LIGHTMAP_DLDR_ENCODING ok=1
Cmd: compileSnippet
  api=5 type=1 insize=1605 outsize=0 kw= pd=UNITY_NO_DXT5nm UNITY_NO_RGBM UNITY_ENABLE_REFLECTION_BUFFERS UNITY_FRAMEBUFFER_FETCH_AVAILABLE UNITY_NO_CUBEMAP_ARRAY UNITY_NO_SCREENSPACE_SHADOWS UNITY_PBS_USE_BRDF3 UNITY_NO_FULL_STANDARD_SHADER SHADER_API_MOBILE UNITY_HARDWARE_TIER1 UNITY_COLORSPACE_GAMMA UNITY_HALF_PRECISION_FRAGMENT_SHADER_REGISTERS UNITY_LIGHTMAP_DLDR_ENCODING ok=1
Cmd: compileSnippet
  api=5 type=0 insize=1901 outsize=3265 kw= pd=UNITY_NO_DXT5nm UNITY_NO_RGBM UNITY_ENABLE_REFLECTION_BUFFERS UNITY_FRAMEBUFFER_FETCH_AVAILABLE UNITY_NO_CUBEMAP_ARRAY UNITY_NO_SCREENSPACE_SHADOWS UNITY_PBS_USE_BRDF3 UNITY_NO_FULL_STANDARD_SHADER SHADER_API_MOBILE UNITY_HARDWARE_TIER1 UNITY_COLORSPACE_GAMMA UNITY_HALF_PRECISION_FRAGMENT_SHADER_REGISTERS UNITY_LIGHTMAP_DLDR_ENCODING ok=1
Cmd: compileSnippet
  api=5 type=1 insize=1901 outsize=0 kw= pd=UNITY_NO_DXT5nm UNITY_NO_RGBM UNITY_ENABLE_REFLECTION_BUFFERS UNITY_FRAMEBUFFER_FETCH_AVAILABLE UNITY_NO_CUBEMAP_ARRAY UNITY_NO_SCREENSPACE_SHADOWS UNITY_PBS_USE_BRDF3 UNITY_NO_FULL_STANDARD_SHADER SHADER_API_MOBILE UNITY_HARDWARE_TIER1 UNITY_COLORSPACE_GAMMA UNITY_HALF_PRECISION_FRAGMENT_SHADER_REGISTERS UNITY_LIGHTMAP_DLDR_ENCODING ok=1
Cmd: compileSnippet
  api=5 type=1 insize=1005 outsize=0 kw= pd=UNITY_NO_DXT5nm UNITY_NO_RGBM UNITY_ENABLE_REFLECTION_BUFFERS UNITY_FRAMEBUFFER_FETCH_AVAILABLE UNITY_NO_CUBEMAP_ARRAY UNITY_NO_SCREENSPACE_SHADOWS UNITY_PBS_USE_BRDF3 UNITY_NO_FULL_STANDARD_SHADER SHADER_API_MOBILE UNITY_HARDWARE_TIER1 UNITY_COLORSPACE_GAMMA UNITY_HALF_PRECISION_FRAGMENT_SHADER_REGISTERS UNITY_LIGHTMAP_DLDR_ENCODING ok=1
Cmd: compileSnippet
  api=5 type=1 insize=3555 outsize=0 kw= pd=UNITY_NO_DXT5nm UNITY_NO_RGBM UNITY_ENABLE_REFLECTION_BUFFERS UNITY_FRAMEBUFFER_FETCH_AVAILABLE UNITY_NO_CUBEMAP_ARRAY UNITY_NO_SCREENSPACE_SHADOWS UNITY_PBS_USE_BRDF2 SHADER_API_MOBILE UNITY_HARDWARE_TIER2 UNITY_COLORSPACE_GAMMA UNITY_HALF_PRECISION_FRAGMENT_SHADER_REGISTERS UNITY_LIGHTMAP_DLDR_ENCODING ok=1
Cmd: compileSnippet
  api=9 type=0 insize=1224 outsize=1469 kw= pd=UNITY_NO_DXT5nm UNITY_NO_RGBM UNITY_ENABLE_REFLECTION_BUFFERS UNITY_FRAMEBUFFER_FETCH_AVAILABLE UNITY_NO_CUBEMAP_ARRAY UNITY_NO_SCREENSPACE_SHADOWS UNITY_PBS_USE_BRDF3 UNITY_NO_FULL_STANDARD_SHADER SHADER_API_MOBILE UNITY_HARDWARE_TIER1 UNITY_COLORSPACE_GAMMA UNITY_LIGHTMAP_DLDR_ENCODING ok=1
Cmd: compileSnippet
  api=5 type=0 insize=1224 outsize=1530 kw=UNITY_HDR_ON pd=UNITY_NO_DXT5nm UNITY_NO_RGBM UNITY_ENABLE_REFLECTION_BUFFERS UNITY_FRAMEBUFFER_FETCH_AVAILABLE UNITY_NO_CUBEMAP_ARRAY UNITY_NO_SCREENSPACE_SHADOWS UNITY_PBS_USE_BRDF2 SHADER_API_MOBILE UNITY_HARDWARE_TIER3 UNITY_COLORSPACE_GAMMA UNITY_HALF_PRECISION_FRAGMENT_SHADER_REGISTERS UNITY_LIGHTMAP_DLDR_ENCODING ok=1
Cmd: compileSnippet
  api=5 type=1 insize=1224 outsize=0 kw=UNITY_HDR_ON pd=UNITY_NO_DXT5nm UNITY_NO_RGBM UNITY_ENABLE_REFLECTION_BUFFERS UNITY_FRAMEBUFFER_FETCH_AVAILABLE UNITY_NO_CUBEMAP_ARRAY UNITY_NO_SCREENSPACE_SHADOWS UNITY_PBS_USE_BRDF2 SHADER_API_MOBILE UNITY_HARDWARE_TIER2 UNITY_COLORSPACE_GAMMA UNITY_HALF_PRECISION_FRAGMENT_SHADER_REGISTERS UNITY_LIGHTMAP_DLDR_ENCODING ok=1
Cmd: compileSnippet
  api=5 type=1 insize=5814 outsize=0 kw=UNITY_PASS_MOTIONVECTORS pd=UNITY_NO_DXT5nm UNITY_NO_RGBM UNITY_ENABLE_REFLECTION_BUFFERS UNITY_FRAMEBUFFER_FETCH_AVAILABLE UNITY_NO_CUBEMAP_ARRAY UNITY_NO_SCREENSPACE_SHADOWS UNITY_PBS_USE_BRDF3 UNITY_NO_FULL_STANDARD_SHADER SHADER_API_MOBILE UNITY_HARDWARE_TIER1 UNITY_COLORSPACE_GAMMA UNITY_HALF_PRECISION_FRAGMENT_SHADER_REGISTERS UNITY_LIGHTMAP_DLDR_ENCODING ok=1
Cmd: compileSnippet
  api=5 type=0 insize=5826 outsize=3338 kw= pd=UNITY_NO_DXT5nm UNITY_NO_RGBM UNITY_ENABLE_REFLECTION_BUFFERS UNITY_FRAMEBUFFER_FETCH_AVAILABLE UNITY_NO_CUBEMAP_ARRAY UNITY_NO_SCREENSPACE_SHADOWS UNITY_PBS_USE_BRDF3 UNITY_NO_FULL_STANDARD_SHADER SHADER_API_MOBILE UNITY_HARDWARE_TIER1 UNITY_COLORSPACE_GAMMA UNITY_HALF_PRECISION_FRAGMENT_SHADER_REGISTERS UNITY_LIGHTMAP_DLDR_ENCODING ok=1
Cmd: compileSnippet
  api=5 type=1 insize=5826 outsize=0 kw= pd=UNITY_NO_DXT5nm UNITY_NO_RGBM UNITY_ENABLE_REFLECTION_BUFFERS UNITY_FRAMEBUFFER_FETCH_AVAILABLE UNITY_NO_CUBEMAP_ARRAY UNITY_NO_SCREENSPACE_SHADOWS UNITY_PBS_USE_BRDF3 UNITY_NO_FULL_STANDARD_SHADER SHADER_API_MOBILE UNITY_HARDWARE_TIER1 UNITY_COLORSPACE_GAMMA UNITY_HALF_PRECISION_FRAGMENT_SHADER_REGISTERS UNITY_LIGHTMAP_DLDR_ENCODING ok=1
Cmd: compileSnippet
  api=5 type=0 insize=5835 outsize=3470 kw= pd=UNITY_NO_DXT5nm UNITY_NO_RGBM UNITY_ENABLE_REFLECTION_BUFFERS UNITY_FRAMEBUFFER_FETCH_AVAILABLE UNITY_NO_CUBEMAP_ARRAY UNITY_NO_SCREENSPACE_SHADOWS UNITY_PBS_USE_BRDF3 UNITY_NO_FULL_STANDARD_SHADER SHADER_API_MOBILE UNITY_HARDWARE_TIER1 UNITY_COLORSPACE_GAMMA UNITY_HALF_PRECISION_FRAGMENT_SHADER_REGISTERS UNITY_LIGHTMAP_DLDR_ENCODING ok=1
Cmd: compileSnippet
  api=9 type=1 insize=5835 outsize=0 kw= pd=UNITY_NO_DXT5nm UNITY_NO_RGBM UNITY_ENABLE_REFLECTION_BUFFERS UNITY_FRAMEBUFFER_FETCH_AVAILABLE UNITY_NO_CUBEMAP_ARRAY UNITY_NO_SCREENSPACE_SHADOWS UNITY_PBS_USE_BRDF3 UNITY_NO_FULL_STANDARD_SHADER SHADER_API_MOBILE UNITY_HARDWARE_TIER1 UNITY_COLORSPACE_GAMMA UNITY_LIGHTMAP_DLDR_ENCODING ok=1
Cmd: compileSnippet
  api=5 type=0 insize=1590 outsize=1576 kw= pd=UNITY_NO_DXT5nm UNITY_NO_RGBM UNITY_ENABLE_REFLECTION_BUFFERS UNITY_FRAMEBUFFER_FETCH_AVAILABLE UNITY_NO_CUBEMAP_ARRAY UNITY_NO_SCREENSPACE_SHADOWS UNITY_PBS_USE_BRDF3 UNITY_NO_FULL_STANDARD_SHADER SHADER_API_MOBILE UNITY_HARDWARE_TIER1 UNITY_COLORSPACE_GAMMA UNITY_HALF_PRECISION_FRAGMENT_SHADER_REGISTERS UNITY_LIGHTMAP_DLDR_ENCODING ok=1
Cmd: compileSnippet
  api=5 type=1 insize=1590 outsize=0 kw= pd=UNITY_NO_DXT5nm UNITY_NO_RGBM UNITY_ENABLE_REFLECTION_BUFFERS UNITY_FRAMEBUFFER_FETCH_AVAILABLE UNITY_NO_CUBEMAP_ARRAY UNITY_NO_SCREENSPACE_SHADOWS UNITY_PBS_USE_BRDF3 UNITY_NO_FULL_STANDARD_SHADER SHADER_API_MOBILE UNITY_HARDWARE_TIER1 UNITY_COLORSPACE_GAMMA UNITY_HALF_PRECISION_FRAGMENT_SHADER_REGISTERS UNITY_LIGHTMAP_DLDR_ENCODING ok=1
Cmd: compileSnippet
  api=5 type=0 insize=1895 outsize=1565 kw= pd=UNITY_NO_DXT5nm UNITY_NO_RGBM UNITY_ENABLE_REFLECTION_BUFFERS UNITY_FRAMEBUFFER_FETCH_AVAILABLE UNITY_NO_CUBEMAP_ARRAY UNITY_NO_SCREENSPACE_SHADOWS UNITY_PBS_USE_BRDF3 UNITY_NO_FULL_STANDARD_SHADER SHADER_API_MOBILE UNITY_HARDWARE_TIER1 UNITY_COLORSPACE_GAMMA UNITY_HALF_PRECISION_FRAGMENT_SHADER_REGISTERS UNITY_LIGHTMAP_DLDR_ENCODING ok=1
Cmd: compileSnippet
  api=5 type=1 insize=1895 outsize=0 kw= pd=UNITY_NO_DXT5nm UNITY_NO_RGBM UNITY_ENABLE_REFLECTION_BUFFERS UNITY_FRAMEBUFFER_FETCH_AVAILABLE UNITY_NO_CUBEMAP_ARRAY UNITY_NO_SCREENSPACE_SHADOWS UNITY_PBS_USE_BRDF3 UNITY_NO_FULL_STANDARD_SHADER SHADER_API_MOBILE UNITY_HARDWARE_TIER1 UNITY_COLORSPACE_GAMMA UNITY_HALF_PRECISION_FRAGMENT_SHADER_REGISTERS UNITY_LIGHTMAP_DLDR_ENCODING ok=1
Cmd: compileSnippet
  api=5 type=0 insize=1476 outsize=1657 kw= pd=UNITY_NO_DXT5nm UNITY_NO_RGBM UNITY_ENABLE_REFLECTION_BUFFERS UNITY_FRAMEBUFFER_FETCH_AVAILABLE UNITY_NO_CUBEMAP_ARRAY UNITY_NO_SCREENSPACE_SHADOWS UNITY_PBS_USE_BRDF3 UNITY_NO_FULL_STANDARD_SHADER SHADER_API_MOBILE UNITY_HARDWARE_TIER1 UNITY_COLORSPACE_GAMMA UNITY_HALF_PRECISION_FRAGMENT_SHADER_REGISTERS UNITY_LIGHTMAP_DLDR_ENCODING ok=1
Cmd: compileSnippet
  api=9 type=1 insize=1476 outsize=0 kw= pd=UNITY_NO_DXT5nm UNITY_NO_RGBM UNITY_ENABLE_REFLECTION_BUFFERS UNITY_FRAMEBUFFER_FETCH_AVAILABLE UNITY_NO_CUBEMAP_ARRAY UNITY_NO_SCREENSPACE_SHADOWS UNITY_PBS_USE_BRDF2 SHADER_API_MOBILE UNITY_HARDWARE_TIER3 UNITY_COLORSPACE_GAMMA UNITY_LIGHTMAP_DLDR_ENCODING ok=1
Cmd: compileSnippet
  api=9 type=0 insize=1686 outsize=1403 kw= pd=UNITY_NO_DXT5nm UNITY_NO_RGBM UNITY_ENABLE_REFLECTION_BUFFERS UNITY_FRAMEBUFFER_FETCH_AVAILABLE UNITY_NO_CUBEMAP_ARRAY UNITY_NO_SCREENSPACE_SHADOWS UNITY_PBS_USE_BRDF2 SHADER_API_MOBILE UNITY_HARDWARE_TIER2 UNITY_COLORSPACE_GAMMA UNITY_LIGHTMAP_DLDR_ENCODING ok=1
Cmd: compileSnippet
  api=9 type=0 insize=2525 outsize=1214 kw= pd=UNITY_NO_DXT5nm UNITY_NO_RGBM UNITY_ENABLE_REFLECTION_BUFFERS UNITY_FRAMEBUFFER_FETCH_AVAILABLE UNITY_NO_CUBEMAP_ARRAY UNITY_NO_SCREENSPACE_SHADOWS UNITY_PBS_USE_BRDF2 SHADER_API_MOBILE UNITY_HARDWARE_TIER3 UNITY_COLORSPACE_GAMMA UNITY_LIGHTMAP_DLDR_ENCODING ok=1
Cmd: compileSnippet
  api=9 type=1 insize=2525 outsize=0 kw= pd=UNITY_NO_DXT5nm UNITY_NO_RGBM UNITY_ENABLE_REFLECTION_BUFFERS UNITY_FRAMEBUFFER_FETCH_AVAILABLE UNITY_NO_CUBEMAP_ARRAY UNITY_NO_SCREENSPACE_SHADOWS UNITY_PBS_USE_BRDF3 UNITY_NO_FULL_STANDARD_SHADER SHADER_API_MOBILE UNITY_HARDWARE_TIER1 UNITY_COLORSPACE_GAMMA UNITY_LIGHTMAP_DLDR_ENCODING ok=1
Cmd: compileSnippet
  api=5 type=0 insize=1842 outsize=3111 kw= pd=UNITY_NO_DXT5nm UNITY_NO_RGBM UNITY_ENABLE_REFLECTION_BUFFERS UNITY_FRAMEBUFFER_FETCH_AVAILABLE UNITY_NO_CUBEMAP_ARRAY UNITY_NO_SCREENSPACE_SHADOWS UNITY_PBS_USE_BRDF3 UNITY_NO_FULL_STANDARD_SHADER SHADER_API_MOBILE UNITY_HARDWARE_TIER1 UNITY_COLORSPACE_GAMMA UNITY_HALF_PRECISION_FRAGMENT_SHADER_REGISTERS UNITY_LIGHTMAP_DLDR_ENCODING ok=1
Cmd: compileSnippet
  api=5 type=1 insize=1842 outsize=0 kw= pd=UNITY_NO_DXT5nm UNITY_NO_RGBM UNITY_ENABLE_REFLECTION_BUFFERS UNITY_FRAMEBUFFER_FETCH_AVAILABLE UNITY_NO_CUBEMAP_ARRAY UNITY_NO_SCREENSPACE_SHADOWS UNITY_PBS_USE_BRDF2 SHADER_API_MOBILE UNITY_HARDWARE_TIER2 UNITY_COLORSPACE_GAMMA UNITY_HALF_PRECISION_FRAGMENT_SHADER_REGISTERS UNITY_LIGHTMAP_DLDR_ENCODING ok=1
Cmd: compileSnippet
  api=5 type=0 insize=1842 outsize=3111 kw= pd=UNITY_NO_DXT5nm UNITY_NO_RGBM UNITY_ENABLE_REFLECTION_BUFFERS UNITY_FRAMEBUFFER_FETCH_AVAILABLE UNITY_NO_CUBEMAP_ARRAY UNITY_NO_SCREENSPACE_SHADOWS UNITY_PBS_USE_BRDF3 UNITY_NO_FULL_STANDARD_SHADER SHADER_API_MOBILE UNITY_HARDWARE_TIER1 UNITY_COLORSPACE_GAMMA UNITY_HALF_PRECISION_FRAGMENT_SHADER_REGISTERS UNITY_LIGHTMAP_DLDR_ENCODING ok=1
Cmd: compileSnippet
  api=5 type=1 insize=1842 outsize=0 kw= pd=UNITY_NO_DXT5nm UNITY_NO_RGBM UNITY_ENABLE_REFLECTION_BUFFERS UNITY_FRAMEBUFFER_FETCH_AVAILABLE UNITY_NO_CUBEMAP_ARRAY UNITY_NO_SCREENSPACE_SHADOWS UNITY_PBS_USE_BRDF3 UNITY_NO_FULL_STANDARD_SHADER SHADER_API_MOBILE UNITY_HARDWARE_TIER1 UNITY_COLORSPACE_GAMMA UNITY_HALF_PRECISION_FRAGMENT_SHADER_REGISTERS UNITY_LIGHTMAP_DLDR_ENCODING ok=1
Cmd: compileSnippet
  api=5 type=0 insize=1701 outsize=2530 kw= pd=UNITY_NO_DXT5nm UNITY_NO_RGBM UNITY_ENABLE_REFLECTION_BUFFERS UNITY_FRAMEBUFFER_FETCH_AVAILABLE UNITY_NO_CUBEMAP_ARRAY UNITY_NO_SCREENSPACE_SHADOWS UNITY_PBS_USE_BRDF3 UNITY_NO_FULL_STANDARD_SHADER SHADER_API_MOBILE UNITY_HARDWARE_TIER1 UNITY_COLORSPACE_GAMMA UNITY_HALF_PRECISION_FRAGMENT_SHADER_REGISTERS UNITY_LIGHTMAP_DLDR_ENCODING ok=1
Cmd: compileSnippet
  api=5 type=1 insize=1701 outsize=0 kw= pd=UNITY_NO_DXT5nm UNITY_NO_RGBM UNITY_ENABLE_REFLECTION_BUFFERS UNITY_FRAMEBUFFER_FETCH_AVAILABLE UNITY_NO_CUBEMAP_ARRAY UNITY_NO_SCREENSPACE_SHADOWS UNITY_PBS_USE_BRDF3 UNITY_NO_FULL_STANDARD_SHADER SHADER_API_MOBILE UNITY_HARDWARE_TIER1 UNITY_COLORSPACE_GAMMA UNITY_HALF_PRECISION_FRAGMENT_SHADER_REGISTERS UNITY_LIGHTMAP_DLDR_ENCODING ok=1
Cmd: compileSnippet
  api=5 type=0 insize=1701 outsize=2530 kw= pd=UNITY_NO_DXT5nm UNITY_NO_RGBM UNITY_ENABLE_REFLECTION_BUFFERS UNITY_FRAMEBUFFER_FETCH_AVAILABLE UNITY_NO_CUBEMAP_ARRAY UNITY_NO_SCREENSPACE_SHADOWS UNITY_PBS_USE_BRDF2 SHADER_API_MOBILE UNITY_HARDWARE_TIER3 UNITY_COLORSPACE_GAMMA UNITY_HALF_PRECISION_FRAGMENT_SHADER_REGISTERS UNITY_LIGHTMAP_DLDR_ENCODING ok=1
Cmd: compileSnippet
  api=9 type=1 insize=1701 outsize=0 kw= pd=UNITY_NO_DXT5nm UNITY_NO_RGBM UNITY_ENABLE_REFLECTION_BUFFERS UNITY_FRAMEBUFFER_FETCH_AVAILABLE UNITY_NO_CUBEMAP_ARRAY UNITY_NO_SCREENSPACE_SHADOWS UNITY_PBS_USE_BRDF2 SHADER_API_MOBILE UNITY_HARDWARE_TIER2 UNITY_COLORSPACE_GAMMA UNITY_LIGHTMAP_DLDR_ENCODING ok=1
Cmd: compileSnippet
  api=5 type=0 insize=1341 outsize=1593 kw= pd=UNITY_NO_DXT5nm UNITY_NO_RGBM UNITY_ENABLE_REFLECTION_BUFFERS UNITY_FRAMEBUFFER_FETCH_AVAILABLE UNITY_NO_CUBEMAP_ARRAY UNITY_NO_SCREENSPACE_SHADOWS UNITY_PBS_USE_BRDF3 UNITY_NO_FULL_STANDARD_SHADER SHADER_API_MOBILE UNITY_HARDWARE_TIER1 UNITY_COLORSPACE_GAMMA UNITY_HALF_PRECISION_FRAGMENT_SHADER_REGISTERS UNITY_LIGHTMAP_DLDR_ENCODING ok=1
Cmd: compileSnippet
  api=5 type=1 insize=1341 outsize=0 kw= pd=UNITY_NO_DXT5nm UNITY_NO_RGBM UNITY_ENABLE_REFLECTION_BUFFERS UNITY_FRAMEBUFFER_FETCH_AVAILABLE UNITY_NO_CUBEMAP_ARRAY UNITY_NO_SCREENSPACE_SHADOWS UNITY_PBS_USE_BRDF3 UNITY_NO_FULL_STANDARD_SHADER SHADER_API_MOBILE UNITY_HARDWARE_TIER1 UNITY_COLORSPACE_GAMMA UNITY_HALF_PRECISION_FRAGMENT_SHADER_REGISTERS UNITY_LIGHTMAP_DLDR_ENCODING ok=1
Cmd: compileSnippet
  api=5 type=0 insize=1341 outsize=1593 kw= pd=UNITY_NO_DXT5nm UNITY_NO_RGBM UNITY_ENABLE_REFLECTION_BUFFERS UNITY_FRAMEBUFFER_FETCH_AVAILABLE UNITY_NO_CUBEMAP_ARRAY UNITY_NO_SCREENSPACE_SHADOWS UNITY_PBS_USE_BRDF3 UNITY_NO_FULL_STANDARD_SHADER SHADER_API_MOBILE UNITY_HARDWARE_TIER1 UNITY_COLORSPACE_GAMMA UNITY_HALF_PRECISION_FRAGMENT_SHADER_REGISTERS UNITY_LIGHTMAP_DLDR_ENCODING ok=1
Cmd: compileSnippet
  api=5 type=1 insize=1341 outsize=0 kw= pd=UNITY_NO_DXT5nm UNITY_NO_RGBM UNITY_ENABLE_REFLECTION_BUFFERS UNITY_FRAMEBUFFER_FETCH_AVAILABLE UNITY_NO_CUBEMAP_ARRAY UNITY_NO_SCREENSPACE_SHADOWS UNITY_PBS_USE_BRDF3 UNITY_NO_FULL_STANDARD_SHADER SHADER_API_MOBILE UNITY_HARDWARE_TIER1 UNITY_COLORSPACE_GAMMA UNITY_HALF_PRECISION_FRAGMENT_SHADER_REGISTERS UNITY_LIGHTMAP_DLDR_ENCODING ok=1
Cmd: compileSnippet
  api=5 type=0 insize=1878 outsize=3048 kw= pd=UNITY_NO_DXT5nm UNITY_NO_RGBM UNITY_ENABLE_REFLECTION_BUFFERS UNITY_FRAMEBUFFER_FETCH_AVAILABLE UNITY_NO_CUBEMAP_ARRAY UNITY_NO_SCREENSPACE_SHADOWS UNITY_PBS_USE_BRDF3 UNITY_NO_FULL_STANDARD_SHADER SHADER_API_MOBILE UNITY_HARDWARE_TIER1 UNITY_COLORSPACE_GAMMA UNITY_HALF_PRECISION_FRAGMENT_SHADER_REGISTERS UNITY_LIGHTMAP_DLDR_ENCODING ok=1
Cmd: compileSnippet
  api=5 type=1 insize=1878 outsize=0 kw= pd=UNITY_NO_DXT5nm UNITY_NO_RGBM UNITY_ENABLE_REFLECTION_BUFFERS UNITY_FRAMEBUFFER_FETCH_AVAILABLE UNITY_NO_CUBEMAP_ARRAY UNITY_NO_SCREENSPACE_SHADOWS UNITY_PBS_USE_BRDF3 UNITY_NO_FULL_STANDARD_SHADER SHADER_API_MOBILE UNITY_HARDWARE_TIER1 UNITY_COLORSPACE_GAMMA UNITY_HALF_PRECISION_FRAGMENT_SHADER_REGISTERS UNITY_LIGHTMAP_DLDR_ENCODING ok=1
Cmd: compileSnippet
  api=5 type=0 insize=1878 outsize=3048 kw= pd=UNITY_NO_DXT5nm UNITY_NO_RGBM UNITY_ENABLE_REFLECTION_BUFFERS UNITY_FRAMEBUFFER_FETCH_AVAILABLE UNITY_NO_CUBEMAP_ARRAY UNITY_NO_SCREENSPACE_SHADOWS UNITY_PBS_USE_BRDF3 UNITY_NO_FULL_STANDARD_SHADER SHADER_API_MOBILE UNITY_HARDWARE_TIER1 UNITY_COLORSPACE_GAMMA UNITY_HALF_PRECISION_FRAGMENT_SHADER_REGISTERS UNITY_LIGHTMAP_DLDR_ENCODING ok=1
Cmd: compileSnippet
  api=5 type=1 insize=1878 outsize=0 kw= pd=UNITY_NO_DXT5nm UNITY_NO_RGBM UNITY_ENABLE_REFLECTION_BUFFERS UNITY_FRAMEBUFFER_FETCH_AVAILABLE UNITY_NO_CUBEMAP_ARRAY UNITY_NO_SCREENSPACE_SHADOWS UNITY_PBS_USE_BRDF3 UNITY_NO_FULL_STANDARD_SHADER SHADER_API_MOBILE UNITY_HARDWARE_TIER1 UNITY_COLORSPACE_GAMMA UNITY_HALF_PRECISION_FRAGMENT_SHADER_REGISTERS UNITY_LIGHTMAP_DLDR_ENCODING ok=1
Cmd: compileSnippet
  api=5 type=0 insize=4971 outsize=7847 kw= pd=UNITY_NO_DXT5nm UNITY_NO_RGBM UNITY_ENABLE_REFLECTION_BUFFERS UNITY_FRAMEBUFFER_FETCH_AVAILABLE UNITY_NO_CUBEMAP_ARRAY UNITY_NO_SCREENSPACE_SHADOWS UNITY_PBS_USE_BRDF3 UNITY_NO_FULL_STANDARD_SHADER SHADER_API_MOBILE UNITY_HARDWARE_TIER1 UNITY_COLORSPACE_GAMMA UNITY_HALF_PRECISION_FRAGMENT_SHADER_REGISTERS UNITY_LIGHTMAP_DLDR_ENCODING ok=1
Cmd: compileSnippet
  api=9 type=1 insize=4971 outsize=0 kw= pd=UNITY_NO_DXT5nm UNITY_NO_RGBM UNITY_ENABLE_REFLECTION_BUFFERS UNITY_FRAMEBUFFER_FETCH_AVAILABLE UNITY_NO_CUBEMAP_ARRAY UNITY_NO_SCREENSPACE_SHADOWS UNITY_PBS_USE_BRDF3 UNITY_NO_FULL_STANDARD_SHADER SHADER_API_MOBILE UNITY_HARDWARE_TIER1 UNITY_COLORSPACE_GAMMA UNITY_LIGHTMAP_DLDR_ENCODING ok=1
Cmd: compileSnippet
  api=9 type=0 insize=4971 outsize=8332 kw= pd=UNITY_NO_DXT5nm UNITY_NO_RGBM UNITY_ENABLE_REFLECTION_BUFFERS UNITY_FRAMEBUFFER_FETCH_AVAILABLE UNITY_NO_CUBEMAP_ARRAY UNITY_NO_SCREENSPACE_SHADOWS UNITY_PBS_USE_BRDF2 SHADER_API_MOBILE UNITY_HARDWARE_TIER2 UNITY_COLORSPACE_GAMMA UNITY_LIGHTMAP_DLDR_ENCODING ok=1
Cmd: compileSnippet
  api=5 type=1 insize=4971 outsize=0 kw= pd=UNITY_NO_DXT5nm UNITY_NO_RGBM UNITY_ENABLE_REFLECTION_BUFFERS UNITY_FRAMEBUFFER_FETCH_AVAILABLE UNITY_NO_CUBEMAP_ARRAY UNITY_NO_SCREENSPACE_SHADOWS UNITY_PBS_USE_BRDF3 UNITY_NO_FULL_STANDARD_SHADER SHADER_API_MOBILE UNITY_HARDWARE_TIER1 UNITY_COLORSPACE_GAMMA UNITY_HALF_PRECISION_FRAGMENT_SHADER_REGISTERS UNITY_LIGHTMAP_DLDR_ENCODING ok=1
Cmd: compileSnippet
  api=9 type=0 insize=725 outsize=1632 kw= pd=UNITY_NO_DXT5nm UNITY_NO_RGBM UNITY_ENABLE_REFLECTION_BUFFERS UNITY_FRAMEBUFFER_FETCH_AVAILABLE UNITY_NO_CUBEMAP_ARRAY UNITY_NO_SCREENSPACE_SHADOWS UNITY_PBS_USE_BRDF2 SHADER_API_MOBILE UNITY_HARDWARE_TIER3 UNITY_COLORSPACE_GAMMA UNITY_LIGHTMAP_DLDR_ENCODING ok=1
Cmd: compileSnippet
  api=9 type=0 insize=725 outsize=1890 kw=ETC1_EXTERNAL_ALPHA pd=UNITY_NO_DXT5nm UNITY_NO_RGBM UNITY_ENABLE_REFLECTION_BUFFERS UNITY_FRAMEBUFFER_FETCH_AVAILABLE UNITY_NO_CUBEMAP_ARRAY UNITY_NO_SCREENSPACE_SHADOWS UNITY_PBS_USE_BRDF2 SHADER_API_MOBILE UNITY_HARDWARE_TIER3 UNITY_COLORSPACE_GAMMA UNITY_LIGHTMAP_DLDR_ENCODING ok=1
Cmd: compileSnippet
  api=9 type=0 insize=725 outsize=2212 kw=ETC1_EXTERNAL_ALPHA PIXELSNAP_ON pd=UNITY_NO_DXT5nm UNITY_NO_RGBM UNITY_ENABLE_REFLECTION_BUFFERS UNITY_FRAMEBUFFER_FETCH_AVAILABLE UNITY_NO_CUBEMAP_ARRAY UNITY_NO_SCREENSPACE_SHADOWS UNITY_PBS_USE_BRDF2 SHADER_API_MOBILE UNITY_HARDWARE_TIER2 UNITY_COLORSPACE_GAMMA UNITY_LIGHTMAP_DLDR_ENCODING ok=1
Cmd: compileSnippet
  api=5 type=1 insize=725 outsize=0 kw= pd=UNITY_NO_DXT5nm UNITY_NO_RGBM UNITY_ENABLE_REFLECTION_BUFFERS UNITY_FRAMEBUFFER_FETCH_AVAILABLE UNITY_NO_CUBEMAP_ARRAY UNITY_NO_SCREENSPACE_SHADOWS UNITY_PBS_USE_BRDF3 UNITY_NO_FULL_STANDARD_SHADER SHADER_API_MOBILE UNITY_HARDWARE_TIER1 UNITY_COLORSPACE_GAMMA UNITY_HALF_PRECISION_FRAGMENT_SHADER_REGISTERS UNITY_LIGHTMAP_DLDR_ENCODING ok=1
Cmd: compileSnippet
  api=5 type=1 insize=725 outsize=0 kw=PIXELSNAP_ON pd=UNITY_NO_DXT5nm UNITY_NO_RGBM UNITY_ENABLE_REFLECTION_BUFFERS UNITY_FRAMEBUFFER_FETCH_AVAILABLE UNITY_NO_CUBEMAP_ARRAY UNITY_NO_SCREENSPACE_SHADOWS UNITY_PBS_USE_BRDF2 SHADER_API_MOBILE UNITY_HARDWARE_TIER3 UNITY_COLORSPACE_GAMMA UNITY_HALF_PRECISION_FRAGMENT_SHADER_REGISTERS UNITY_LIGHTMAP_DLDR_ENCODING ok=1
Cmd: compileSnippet
  api=9 type=1 insize=725 outsize=0 kw=ETC1_EXTERNAL_ALPHA PIXELSNAP_ON pd=UNITY_NO_DXT5nm UNITY_NO_RGBM UNITY_ENABLE_REFLECTION_BUFFERS UNITY_FRAMEBUFFER_FETCH_AVAILABLE UNITY_NO_CUBEMAP_ARRAY UNITY_NO_SCREENSPACE_SHADOWS UNITY_PBS_USE_BRDF2 SHADER_API_MOBILE UNITY_HARDWARE_TIER3 UNITY_COLORSPACE_GAMMA UNITY_LIGHTMAP_DLDR_ENCODING ok=1
Cmd: compileSnippet
  api=9 type=0 insize=1841 outsize=1533 kw= pd=UNITY_NO_DXT5nm UNITY_NO_RGBM UNITY_ENABLE_REFLECTION_BUFFERS UNITY_FRAMEBUFFER_FETCH_AVAILABLE UNITY_NO_CUBEMAP_ARRAY UNITY_NO_SCREENSPACE_SHADOWS UNITY_PBS_USE_BRDF2 SHADER_API_MOBILE UNITY_HARDWARE_TIER2 UNITY_COLORSPACE_GAMMA UNITY_LIGHTMAP_DLDR_ENCODING ok=1
Cmd: compileSnippet
  api=9 type=0 insize=1841 outsize=1808 kw=ETC1_EXTERNAL_ALPHA pd=UNITY_NO_DXT5nm UNITY_NO_RGBM UNITY_ENABLE_REFLECTION_BUFFERS UNITY_FRAMEBUFFER_FETCH_AVAILABLE UNITY_NO_CUBEMAP_ARRAY UNITY_NO_SCREENSPACE_SHADOWS UNITY_PBS_USE_BRDF2 SHADER_API_MOBILE UNITY_HARDWARE_TIER3 UNITY_COLORSPACE_GAMMA UNITY_LIGHTMAP_DLDR_ENCODING ok=1
Cmd: compileSnippet
  api=5 type=0 insize=1841 outsize=2556 kw=ETC1_EXTERNAL_ALPHA PIXELSNAP_ON pd=UNITY_NO_DXT5nm UNITY_NO_RGBM UNITY_ENABLE_REFLECTION_BUFFERS UNITY_FRAMEBUFFER_FETCH_AVAILABLE UNITY_NO_CUBEMAP_ARRAY UNITY_NO_SCREENSPACE_SHADOWS UNITY_PBS_USE_BRDF2 SHADER_API_MOBILE UNITY_HARDWARE_TIER3 UNITY_COLORSPACE_GAMMA UNITY_HALF_PRECISION_FRAGMENT_SHADER_REGISTERS UNITY_LIGHTMAP_DLDR_ENCODING ok=1
Cmd: compileSnippet
  api=9 type=1 insize=1841 outsize=0 kw= pd=UNITY_NO_DXT5nm UNITY_NO_RGBM UNITY_ENABLE_REFLECTION_BUFFERS UNITY_FRAMEBUFFER_FETCH_AVAILABLE UNITY_NO_CUBEMAP_ARRAY UNITY_NO_SCREENSPACE_SHADOWS UNITY_PBS_USE_BRDF2 SHADER_API_MOBILE UNITY_HARDWARE_TIER3 UNITY_COLORSPACE_GAMMA UNITY_LIGHTMAP_DLDR_ENCODING ok=1
Cmd: compileSnippet
  api=5 type=1 insize=1841 outsize=0 kw=PIXELSNAP_ON pd=UNITY_NO_DXT5nm UNITY_NO_RGBM UNITY_ENABLE_REFLECTION_BUFFERS UNITY_FRAMEBUFFER_FETCH_AVAILABLE UNITY_NO_CUBEMAP_ARRAY UNITY_NO_SCREENSPACE_SHADOWS UNITY_PBS_USE_BRDF2 SHADER_API_MOBILE UNITY_HARDWARE_TIER2 UNITY_COLORSPACE_GAMMA UNITY_HALF_PRECISION_FRAGMENT_SHADER_REGISTERS UNITY_LIGHTMAP_DLDR_ENCODING ok=1
Cmd: compileSnippet
  api=9 type=1 insize=1841 outsize=0 kw=ETC1_EXTERNAL_ALPHA PIXELSNAP_ON pd=UNITY_NO_DXT5nm UNITY_NO_RGBM UNITY_ENABLE_REFLECTION_BUFFERS UNITY_FRAMEBUFFER_FETCH_AVAILABLE UNITY_NO_CUBEMAP_ARRAY UNITY_NO_SCREENSPACE_SHADOWS UNITY_PBS_USE_BRDF3 UNITY_NO_FULL_STANDARD_SHADER SHADER_API_MOBILE UNITY_HARDWARE_TIER1 UNITY_COLORSPACE_GAMMA UNITY_LIGHTMAP_DLDR_ENCODING ok=1
Cmd: compileSnippet
  api=5 type=0 insize=2285 outsize=1767 kw= pd=UNITY_NO_DXT5nm UNITY_NO_RGBM UNITY_ENABLE_REFLECTION_BUFFERS UNITY_FRAMEBUFFER_FETCH_AVAILABLE UNITY_NO_CUBEMAP_ARRAY UNITY_NO_SCREENSPACE_SHADOWS UNITY_PBS_USE_BRDF2 SHADER_API_MOBILE UNITY_HARDWARE_TIER3 UNITY_COLORSPACE_GAMMA UNITY_HALF_PRECISION_FRAGMENT_SHADER_REGISTERS UNITY_LIGHTMAP_DLDR_ENCODING ok=1
Cmd: compileSnippet
  api=5 type=0 insize=2285 outsize=2218 kw=UNITY_UI_CLIP_RECT pd=UNITY_NO_DXT5nm UNITY_NO_RGBM UNITY_ENABLE_REFLECTION_BUFFERS UNITY_FRAMEBUFFER_FETCH_AVAILABLE UNITY_NO_CUBEMAP_ARRAY UNITY_NO_SCREENSPACE_SHADOWS UNITY_PBS_USE_BRDF2 SHADER_API_MOBILE UNITY_HARDWARE_TIER3 UNITY_COLORSPACE_GAMMA UNITY_HALF_PRECISION_FRAGMENT_SHADER_REGISTERS UNITY_LIGHTMAP_DLDR_ENCODING ok=1
Cmd: compileSnippet
  api=9 type=0 insize=2285 outsize=2341 kw=UNITY_UI_CLIP_RECT UNITY_UI_ALPHACLIP pd=UNITY_NO_DXT5nm UNITY_NO_RGBM UNITY_ENABLE_REFLECTION_BUFFERS UNITY_FRAMEBUFFER_FETCH_AVAILABLE UNITY_NO_CUBEMAP_ARRAY UNITY_NO_SCREENSPACE_SHADOWS UNITY_PBS_USE_BRDF3 UNITY_NO_FULL_STANDARD_SHADER SHADER_API_MOBILE UNITY_HARDWARE_TIER1 UNITY_COLORSPACE_GAMMA UNITY_LIGHTMAP_DLDR_ENCODING ok=1
Cmd: compileSnippet
  api=9 type=1 insize=2285 outsize=0 kw= pd=UNITY_NO_DXT5nm UNITY_NO_RGBM UNITY_ENABLE_REFLECTION_BUFFERS UNITY_FRAMEBUFFER_FETCH_AVAILABLE UNITY_NO_CUBEMAP_ARRAY UNITY_NO_SCREENSPACE_SHADOWS UNITY_PBS_USE_BRDF2 SHADER_API_MOBILE UNITY_HARDWARE_TIER3 UNITY_COLORSPACE_GAMMA UNITY_LIGHTMAP_DLDR_ENCODING ok=1
Cmd: compileSnippet
  api=9 type=1 insize=2285 outsize=0 kw=UNITY_UI_ALPHACLIP pd=UNITY_NO_DXT5nm UNITY_NO_RGBM UNITY_ENABLE_REFLECTION_BUFFERS UNITY_FRAMEBUFFER_FETCH_AVAILABLE UNITY_NO_CUBEMAP_ARRAY UNITY_NO_SCREENSPACE_SHADOWS UNITY_PBS_USE_BRDF2 SHADER_API_MOBILE UNITY_HARDWARE_TIER3 UNITY_COLORSPACE_GAMMA UNITY_LIGHTMAP_DLDR_ENCODING ok=1
Cmd: compileSnippet
  api=5 type=1 insize=2285 outsize=0 kw=UNITY_UI_CLIP_RECT UNITY_UI_ALPHACLIP pd=UNITY_NO_DXT5nm UNITY_NO_RGBM UNITY_ENABLE_REFLECTION_BUFFERS UNITY_FRAMEBUFFER_FETCH_AVAILABLE UNITY_NO_CUBEMAP_ARRAY UNITY_NO_SCREENSPACE_SHADOWS UNITY_PBS_USE_BRDF2 SHADER_API_MOBILE UNITY_HARDWARE_TIER3 UNITY_COLORSPACE_GAMMA UNITY_HALF_PRECISION_FRAGMENT_SHADER_REGISTERS UNITY_LIGHTMAP_DLDR_ENCODING ok=1
Cmd: compileSnippet
  api=9 type=0 insize=2313 outsize=1813 kw= pd=UNITY_NO_DXT5nm UNITY_NO_RGBM UNITY_ENABLE_REFLECTION_BUFFERS UNITY_FRAMEBUFFER_FETCH_AVAILABLE UNITY_NO_CUBEMAP_ARRAY UNITY_NO_SCREENSPACE_SHADOWS UNITY_PBS_USE_BRDF3 UNITY_NO_FULL_STANDARD_SHADER SHADER_API_MOBILE UNITY_HARDWARE_TIER1 UNITY_COLORSPACE_GAMMA UNITY_LIGHTMAP_DLDR_ENCODING ok=1
Cmd: compileSnippet
  api=9 type=0 insize=2313 outsize=2106 kw=UNITY_UI_ALPHACLIP pd=UNITY_NO_DXT5nm UNITY_NO_RGBM UNITY_ENABLE_REFLECTION_BUFFERS UNITY_FRAMEBUFFER_FETCH_AVAILABLE UNITY_NO_CUBEMAP_ARRAY UNITY_NO_SCREENSPACE_SHADOWS UNITY_PBS_USE_BRDF2 SHADER_API_MOBILE UNITY_HARDWARE_TIER3 UNITY_COLORSPACE_GAMMA UNITY_LIGHTMAP_DLDR_ENCODING ok=1
Cmd: compileSnippet
  api=9 type=0 insize=2313 outsize=2577 kw=UNITY_UI_CLIP_RECT UNITY_UI_ALPHACLIP pd=UNITY_NO_DXT5nm UNITY_NO_RGBM UNITY_ENABLE_REFLECTION_BUFFERS UNITY_FRAMEBUFFER_FETCH_AVAILABLE UNITY_NO_CUBEMAP_ARRAY UNITY_NO_SCREENSPACE_SHADOWS UNITY_PBS_USE_BRDF3 UNITY_NO_FULL_STANDARD_SHADER SHADER_API_MOBILE UNITY_HARDWARE_TIER1 UNITY_COLORSPACE_GAMMA UNITY_LIGHTMAP_DLDR_ENCODING ok=1
Cmd: compileSnippet
  api=5 type=1 insize=2313 outsize=0 kw= pd=UNITY_NO_DXT5nm UNITY_NO_RGBM UNITY_ENABLE_REFLECTION_BUFFERS UNITY_FRAMEBUFFER_FETCH_AVAILABLE UNITY_NO_CUBEMAP_ARRAY UNITY_NO_SCREENSPACE_SHADOWS UNITY_PBS_USE_BRDF3 UNITY_NO_FULL_STANDARD_SHADER SHADER_API_MOBILE UNITY_HARDWARE_TIER1 UNITY_COLORSPACE_GAMMA UNITY_HALF_PRECISION_FRAGMENT_SHADER_REGISTERS UNITY_LIGHTMAP_DLDR_ENCODING ok=1
Cmd: compileSnippet
  api=9 type=1 insize=2313 outsize=0 kw=UNITY_UI_ALPHACLIP pd=UNITY_NO_DXT5nm UNITY_NO_RGBM UNITY_ENABLE_REFLECTION_BUFFERS UNITY_FRAMEBUFFER_FETCH_AVAILABLE UNITY_NO_CUBEMAP_ARRAY UNITY_NO_SCREENSPACE_SHADOWS UNITY_PBS_USE_BRDF2 SHADER_API_MOBILE UNITY_HARDWARE_TIER2 UNITY_COLORSPACE_GAMMA UNITY_LIGHTMAP_DLDR_ENCODING ok=1
Cmd: compileSnippet
  api=5 type=1 insize=2313 outsize=0 kw=UNITY_UI_CLIP_RECT UNITY_UI_ALPHACLIP pd=UNITY_NO_DXT5nm UNITY_NO_RGBM UNITY_ENABLE_REFLECTION_BUFFERS UNITY_FRAMEBUFFER_FETCH_AVAILABLE UNITY_NO_CUBEMAP_ARRAY UNITY_NO_SCREENSPACE_SHADOWS UNITY_PBS_USE_BRDF2 SHADER_API_MOBILE UNITY_HARDWARE_TIER2 UNITY_COLORSPACE_GAMMA UNITY_HALF_PRECISION_FRAGMENT_SHADER_REGISTERS UNITY_LIGHTMAP_DLDR_ENCODING ok=1
Cmd: compileSnippet
  api=5 type=0 insize=8428 outsize=1685 kw= pd=UNITY_NO_DXT5nm UNITY_NO_RGBM UNITY_ENABLE_REFLECTION_BUFFERS UNITY_FRAMEBUFFER_FETCH_AVAILABLE UNITY_NO_CUBEMAP_ARRAY UNITY_NO_SCREENSPACE_SHADOWS UNITY_PBS_USE_BRDF3 UNITY_NO_FULL_STANDARD_SHADER SHADER_API_MOBILE UNITY_HARDWARE_TIER1 UNITY_COLORSPACE_GAMMA UNITY_HALF_PRECISION_FRAGMENT_SHADER_REGISTERS UNITY_LIGHTMAP_DLDR_ENCODING ok=1
Cmd: compileSnippet
  api=5 type=1 insize=8428 outsize=0 kw= pd=UNITY_NO_DXT5nm UNITY_NO_RGBM UNITY_ENABLE_REFLECTION_BUFFERS UNITY_FRAMEBUFFER_FETCH_AVAILABLE UNITY_NO_CUBEMAP_ARRAY UNITY_NO_SCREENSPACE_SHADOWS UNITY_PBS_USE_BRDF3 UNITY_NO_FULL_STANDARD_SHADER SHADER_API_MOBILE UNITY_HARDWARE_TIER1 UNITY_COLORSPACE_GAMMA UNITY_HALF_PRECISION_FRAGMENT_SHADER_REGISTERS UNITY_LIGHTMAP_DLDR_ENCODING ok=1
Cmd: compileSnippet
  api=5 type=0 insize=8428 outsize=1685 kw= pd=UNITY_NO_DXT5nm UNITY_NO_RGBM UNITY_ENABLE_REFLECTION_BUFFERS UNITY_FRAMEBUFFER_FETCH_AVAILABLE UNITY_NO_CUBEMAP_ARRAY UNITY_NO_SCREENSPACE_SHADOWS UNITY_PBS_USE_BRDF3 UNITY_NO_FULL_STANDARD_SHADER SHADER_API_MOBILE UNITY_HARDWARE_TIER1 UNITY_COLORSPACE_GAMMA UNITY_HALF_PRECISION_FRAGMENT_SHADER_REGISTERS UNITY_LIGHTMAP_DLDR_ENCODING ok=1
Cmd: compileSnippet
  api=5 type=1 insize=8428 outsize=0 kw= pd=UNITY_NO_DXT5nm UNITY_NO_RGBM UNITY_ENABLE_REFLECTION_BUFFERS UNITY_FRAMEBUFFER_FETCH_AVAILABLE UNITY_NO_CUBEMAP_ARRAY UNITY_NO_SCREENSPACE_SHADOWS UNITY_PBS_USE_BRDF2 SHADER_API_MOBILE UNITY_HARDWARE_TIER2 UNITY_COLORSPACE_GAMMA UNITY_HALF_PRECISION_FRAGMENT_SHADER_REGISTERS UNITY_LIGHTMAP_DLDR_ENCODING ok=1
Cmd: compileSnippet
  api=9 type=0 insize=970 outsize=1283 kw= pd=UNITY_NO_DXT5nm UNITY_NO_RGBM UNITY_ENABLE_REFLECTION_BUFFERS UNITY_FRAMEBUFFER_FETCH_AVAILABLE UNITY_NO_CUBEMAP_ARRAY UNITY_NO_SCREENSPACE_SHADOWS UNITY_PBS_USE_BRDF2 SHADER_API_MOBILE UNITY_HARDWARE_TIER2 UNITY_COLORSPACE_GAMMA UNITY_LIGHTMAP_DLDR_ENCODING ok=1
Cmd: compileSnippet
  api=9 type=1 insize=970 outsize=0 kw= pd=UNITY_NO_DXT5nm UNITY_NO_RGBM UNITY_ENABLE_REFLECTION_BUFFERS UNITY_FRAMEBUFFER_FETCH_AVAILABLE UNITY_NO_CUBEMAP_ARRAY UNITY_NO_SCREENSPACE_SHADOWS UNITY_PBS_USE_BRDF3 UNITY_NO_FULL_STANDARD_SHADER SHADER_API_MOBILE UNITY_HARDWARE_TIER1 UNITY_COLORSPACE_GAMMA UNITY_LIGHTMAP_DLDR_ENCODING ok=1
Cmd: compileSnippet
  api=5 type=0 insize=970 outsize=1599 kw= pd=UNITY_NO_DXT5nm UNITY_NO_RGBM UNITY_ENABLE_REFLECTION_BUFFERS UNITY_FRAMEBUFFER_FETCH_AVAILABLE UNITY_NO_CUBEMAP_ARRAY UNITY_NO_SCREENSPACE_SHADOWS UNITY_PBS_USE_BRDF3 UNITY_NO_FULL_STANDARD_SHADER SHADER_API_MOBILE UNITY_HARDWARE_TIER1 UNITY_COLORSPACE_GAMMA UNITY_HALF_PRECISION_FRAGMENT_SHADER_REGISTERS UNITY_LIGHTMAP_DLDR_ENCODING ok=1
Cmd: compileSnippet
  api=5 type=1 insize=970 outsize=0 kw= pd=UNITY_NO_DXT5nm UNITY_NO_RGBM UNITY_ENABLE_REFLECTION_BUFFERS UNITY_FRAMEBUFFER_FETCH_AVAILABLE UNITY_NO_CUBEMAP_ARRAY UNITY_NO_SCREENSPACE_SHADOWS UNITY_PBS_USE_BRDF3 UNITY_NO_FULL_STANDARD_SHADER SHADER_API_MOBILE UNITY_HARDWARE_TIER1 UNITY_COLORSPACE_GAMMA UNITY_HALF_PRECISION_FRAGMENT_SHADER_REGISTERS UNITY_LIGHTMAP_DLDR_ENCODING ok=1
Cmd: compileSnippet
  api=5 type=0 insize=1248 outsize=2449 kw= pd=UNITY_NO_DXT5nm UNITY_NO_RGBM UNITY_ENABLE_REFLECTION_BUFFERS UNITY_FRAMEBUFFER_FETCH_AVAILABLE UNITY_NO_CUBEMAP_ARRAY UNITY_NO_SCREENSPACE_SHADOWS UNITY_PBS_USE_BRDF3 UNITY_NO_FULL_STANDARD_SHADER SHADER_API_MOBILE UNITY_HARDWARE_TIER1 UNITY_COLORSPACE_GAMMA UNITY_HALF_PRECISION_FRAGMENT_SHADER_REGISTERS UNITY_LIGHTMAP_DLDR_ENCODING ok=1
Cmd: compileSnippet
  api=5 type=1 insize=1248 outsize=0 kw= pd=UNITY_NO_DXT5nm UNITY_NO_RGBM UNITY_ENABLE_REFLECTION_BUFFERS UNITY_FRAMEBUFFER_FETCH_AVAILABLE UNITY_NO_CUBEMAP_ARRAY UNITY_NO_SCREENSPACE_SHADOWS UNITY_PBS_USE_BRDF3 UNITY_NO_FULL_STANDARD_SHADER SHADER_API_MOBILE UNITY_HARDWARE_TIER1 UNITY_COLORSPACE_GAMMA UNITY_HALF_PRECISION_FRAGMENT_SHADER_REGISTERS UNITY_LIGHTMAP_DLDR_ENCODING ok=1
Cmd: compileSnippet
  api=5 type=0 insize=1248 outsize=2449 kw= pd=UNITY_NO_DXT5nm UNITY_NO_RGBM UNITY_ENABLE_REFLECTION_BUFFERS UNITY_FRAMEBUFFER_FETCH_AVAILABLE UNITY_NO_CUBEMAP_ARRAY UNITY_NO_SCREENSPACE_SHADOWS UNITY_PBS_USE_BRDF3 UNITY_NO_FULL_STANDARD_SHADER SHADER_API_MOBILE UNITY_HARDWARE_TIER1 UNITY_COLORSPACE_GAMMA UNITY_HALF_PRECISION_FRAGMENT_SHADER_REGISTERS UNITY_LIGHTMAP_DLDR_ENCODING ok=1
Cmd: compileSnippet
  api=5 type=1 insize=1248 outsize=0 kw= pd=UNITY_NO_DXT5nm UNITY_NO_RGBM UNITY_ENABLE_REFLECTION_BUFFERS UNITY_FRAMEBUFFER_FETCH_AVAILABLE UNITY_NO_CUBEMAP_ARRAY UNITY_NO_SCREENSPACE_SHADOWS UNITY_PBS_USE_BRDF3 UNITY_NO_FULL_STANDARD_SHADER SHADER_API_MOBILE UNITY_HARDWARE_TIER1 UNITY_COLORSPACE_GAMMA UNITY_HALF_PRECISION_FRAGMENT_SHADER_REGISTERS UNITY_LIGHTMAP_DLDR_ENCODING ok=1
Cmd: compileSnippet
  api=5 type=0 insize=927 outsize=1200 kw= pd=UNITY_NO_DXT5nm UNITY_NO_RGBM UNITY_ENABLE_REFLECTION_BUFFERS UNITY_FRAMEBUFFER_FETCH_AVAILABLE UNITY_NO_CUBEMAP_ARRAY UNITY_NO_SCREENSPACE_SHADOWS UNITY_PBS_USE_BRDF3 UNITY_NO_FULL_STANDARD_SHADER SHADER_API_MOBILE UNITY_HARDWARE_TIER1 UNITY_COLORSPACE_GAMMA UNITY_HALF_PRECISION_FRAGMENT_SHADER_REGISTERS UNITY_LIGHTMAP_DLDR_ENCODING ok=1
Cmd: compileSnippet
  api=9 type=1 insize=927 outsize=0 kw= pd=UNITY_NO_DXT5nm UNITY_NO_RGBM UNITY_ENABLE_REFLECTION_BUFFERS UNITY_FRAMEBUFFER_FETCH_AVAILABLE UNITY_NO_CUBEMAP_ARRAY UNITY_NO_SCREENSPACE_SHADOWS UNITY_PBS_USE_BRDF3 UNITY_NO_FULL_STANDARD_SHADER SHADER_API_MOBILE UNITY_HARDWARE_TIER1 UNITY_COLORSPACE_GAMMA UNITY_LIGHTMAP_DLDR_ENCODING ok=1
Cmd: compileSnippet
  api=5 type=0 insize=1148 outsize=1745 kw= pd=UNITY_NO_DXT5nm UNITY_NO_RGBM UNITY_ENABLE_REFLECTION_BUFFERS UNITY_FRAMEBUFFER_FETCH_AVAILABLE UNITY_NO_CUBEMAP_ARRAY UNITY_NO_SCREENSPACE_SHADOWS UNITY_PBS_USE_BRDF2 SHADER_API_MOBILE UNITY_HARDWARE_TIER2 UNITY_COLORSPACE_GAMMA UNITY_HALF_PRECISION_FRAGMENT_SHADER_REGISTERS UNITY_LIGHTMAP_DLDR_ENCODING ok=1
Cmd: compileSnippet
  api=5 type=1 insize=1148 outsize=0 kw= pd=UNITY_NO_DXT5nm UNITY_NO_RGBM UNITY_ENABLE_REFLECTION_BUFFERS UNITY_FRAMEBUFFER_FETCH_AVAILABLE UNITY_NO_CUBEMAP_ARRAY UNITY_NO_SCREENSPACE_SHADOWS UNITY_PBS_USE_BRDF3 UNITY_NO_FULL_STANDARD_SHADER SHADER_API_MOBILE UNITY_HARDWARE_TIER1 UNITY_COLORSPACE_GAMMA UNITY_HALF_PRECISION_FRAGMENT_SHADER_REGISTERS UNITY_LIGHTMAP_DLDR_ENCODING ok=1
Cmd: compileSnippet
  api=5 type=0 insize=977 outsize=2972 kw= pd=UNITY_NO_DXT5nm UNITY_NO_RGBM UNITY_ENABLE_REFLECTION_BUFFERS UNITY_FRAMEBUFFER_FETCH_AVAILABLE UNITY_NO_CUBEMAP_ARRAY UNITY_NO_SCREENSPACE_SHADOWS UNITY_PBS_USE_BRDF3 UNITY_NO_FULL_STANDARD_SHADER SHADER_API_MOBILE UNITY_HARDWARE_TIER1 UNITY_COLORSPACE_GAMMA UNITY_HALF_PRECISION_FRAGMENT_SHADER_REGISTERS UNITY_LIGHTMAP_DLDR_ENCODING ok=1
Cmd: compileSnippet
  api=5 type=1 insize=977 outsize=0 kw= pd=UNITY_NO_DXT5nm UNITY_NO_RGBM UNITY_ENABLE_REFLECTION_BUFFERS UNITY_FRAMEBUFFER_FETCH_AVAILABLE UNITY_NO_CUBEMAP_ARRAY UNITY_NO_SCREENSPACE_SHADOWS UNITY_PBS_USE_BRDF3 UNITY_NO_FULL_STANDARD_SHADER SHADER_API_MOBILE UNITY_HARDWARE_TIER1 UNITY_COLORSPACE_GAMMA UNITY_HALF_PRECISION_FRAGMENT_SHADER_REGISTERS UNITY_LIGHTMAP_DLDR_ENCODING ok=1
Cmd: compileSnippet
  api=5 type=0 insize=1155 outsize=5149 kw= pd=UNITY_NO_DXT5nm UNITY_NO_RGBM UNITY_ENABLE_REFLECTION_BUFFERS UNITY_FRAMEBUFFER_FETCH_AVAILABLE UNITY_NO_CUBEMAP_ARRAY UNITY_NO_SCREENSPACE_SHADOWS UNITY_PBS_USE_BRDF3 UNITY_NO_FULL_STANDARD_SHADER SHADER_API_MOBILE UNITY_HARDWARE_TIER1 UNITY_COLORSPACE_GAMMA UNITY_HALF_PRECISION_FRAGMENT_SHADER_REGISTERS UNITY_LIGHTMAP_DLDR_ENCODING ok=1
Cmd: compileSnippet
  api=5 type=1 insize=1155 outsize=0 kw= pd=UNITY_NO_DXT5nm UNITY_NO_RGBM UNITY_ENABLE_REFLECTION_BUFFERS UNITY_FRAMEBUFFER_FETCH_AVAILABLE UNITY_NO_CUBEMAP_ARRAY UNITY_NO_SCREENSPACE_SHADOWS UNITY_PBS_USE_BRDF2 SHADER_API_MOBILE UNITY_HARDWARE_TIER3 UNITY_COLORSPACE_GAMMA UNITY_HALF_PRECISION_FRAGMENT_SHADER_REGISTERS UNITY_LIGHTMAP_DLDR_ENCODING ok=1
Cmd: compileSnippet
  api=5 type=0 insize=1097 outsize=2064 kw= pd=UNITY_NO_DXT5nm UNITY_NO_RGBM UNITY_ENABLE_REFLECTION_BUFFERS UNITY_FRAMEBUFFER_FETCH_AVAILABLE UNITY_NO_CUBEMAP_ARRAY UNITY_NO_SCREENSPACE_SHADOWS UNITY_PBS_USE_BRDF3 UNITY_NO_FULL_STANDARD_SHADER SHADER_API_MOBILE UNITY_HARDWARE_TIER1 UNITY_COLORSPACE_GAMMA UNITY_HALF_PRECISION_FRAGMENT_SHADER_REGISTERS UNITY_LIGHTMAP_DLDR_ENCODING ok=1
Cmd: compileSnippet
  api=5 type=1 insize=1097 outsize=0 kw= pd=UNITY_NO_DXT5nm UNITY_NO_RGBM UNITY_ENABLE_REFLECTION_BUFFERS UNITY_FRAMEBUFFER_FETCH_AVAILABLE UNITY_NO_CUBEMAP_ARRAY UNITY_NO_SCREENSPACE_SHADOWS UNITY_PBS_USE_BRDF3 UNITY_NO_FULL_STANDARD_SHADER SHADER_API_MOBILE UNITY_HARDWARE_TIER1 UNITY_COLORSPACE_GAMMA UNITY_HALF_PRECISION_FRAGMENT_SHADER_REGISTERS UNITY_LIGHTMAP_DLDR_ENCODING ok=1
Cmd: compileSnippet
  api=5 type=0 insize=1306 outsize=2507 kw= pd=UNITY_NO_DXT5nm UNITY_NO_RGBM UNITY_ENABLE_REFLECTION_BUFFERS UNITY_FRAMEBUFFER_FETCH_AVAILABLE UNITY_NO_CUBEMAP_ARRAY UNITY_NO_SCREENSPACE_SHADOWS UNITY_PBS_USE_BRDF3 UNITY_NO_FULL_STANDARD_SHADER SHADER_API_MOBILE UNITY_HARDWARE_TIER1 UNITY_COLORSPACE_GAMMA UNITY_HALF_PRECISION_FRAGMENT_SHADER_REGISTERS UNITY_LIGHTMAP_DLDR_ENCODING ok=1
Cmd: compileSnippet
  api=5 type=1 insize=1306 outsize=0 kw= pd=UNITY_NO_DXT5nm UNITY_NO_RGBM UNITY_ENABLE_REFLECTION_BUFFERS UNITY_FRAMEBUFFER_FETCH_AVAILABLE UNITY_NO_CUBEMAP_ARRAY UNITY_NO_SCREENSPACE_SHADOWS UNITY_PBS_USE_BRDF3 UNITY_NO_FULL_STANDARD_SHADER SHADER_API_MOBILE UNITY_HARDWARE_TIER1 UNITY_COLORSPACE_GAMMA UNITY_HALF_PRECISION_FRAGMENT_SHADER_REGISTERS UNITY_LIGHTMAP_DLDR_ENCODING ok=1
Cmd: compileSnippet
  api=5 type=0 insize=1312 outsize=2507 kw= pd=UNITY_NO_DXT5nm UNITY_NO_RGBM UNITY_ENABLE_REFLECTION_BUFFERS UNITY_FRAMEBUFFER_FETCH_AVAILABLE UNITY_NO_CUBEMAP_ARRAY UNITY_NO_SCREENSPACE_SHADOWS UNITY_PBS_USE_BRDF3 UNITY_NO_FULL_STANDARD_SHADER SHADER_API_MOBILE UNITY_HARDWARE_TIER1 UNITY_COLORSPACE_GAMMA UNITY_HALF_PRECISION_FRAGMENT_SHADER_REGISTERS UNITY_LIGHTMAP_DLDR_ENCODING ok=1
Cmd: compileSnippet
  api=5 type=1 insize=1312 outsize=0 kw= pd=UNITY_NO_DXT5nm UNITY_NO_RGBM UNITY_ENABLE_REFLECTION_BUFFERS UNITY_FRAMEBUFFER_FETCH_AVAILABLE UNITY_NO_CUBEMAP_ARRAY UNITY_NO_SCREENSPACE_SHADOWS UNITY_PBS_USE_BRDF3 UNITY_NO_FULL_STANDARD_SHADER SHADER_API_MOBILE UNITY_HARDWARE_TIER1 UNITY_COLORSPACE_GAMMA UNITY_HALF_PRECISION_FRAGMENT_SHADER_REGISTERS UNITY_LIGHTMAP_DLDR_ENCODING ok=1
Cmd: compileSnippet
  api=5 type=0 insize=1181 outsize=2732 kw= pd=UNITY_NO_DXT5nm UNITY_NO_RGBM UNITY_ENABLE_REFLECTION_BUFFERS UNITY_FRAMEBUFFER_FETCH_AVAILABLE UNITY_NO_CUBEMAP_ARRAY UNITY_NO_SCREENSPACE_SHADOWS UNITY_PBS_USE_BRDF3 UNITY_NO_FULL_STANDARD_SHADER SHADER_API_MOBILE UNITY_HARDWARE_TIER1 UNITY_COLORSPACE_GAMMA UNITY_HALF_PRECISION_FRAGMENT_SHADER_REGISTERS UNITY_LIGHTMAP_DLDR_ENCODING ok=1
Cmd: compileSnippet
  api=9 type=1 insize=1181 outsize=0 kw= pd=UNITY_NO_DXT5nm UNITY_NO_RGBM UNITY_ENABLE_REFLECTION_BUFFERS UNITY_FRAMEBUFFER_FETCH_AVAILABLE UNITY_NO_CUBEMAP_ARRAY UNITY_NO_SCREENSPACE_SHADOWS UNITY_PBS_USE_BRDF2 SHADER_API_MOBILE UNITY_HARDWARE_TIER2 UNITY_COLORSPACE_GAMMA UNITY_LIGHTMAP_DLDR_ENCODING ok=1
Cmd: compileSnippet
  api=5 type=1 insize=1220 outsize=0 kw= pd=UNITY_NO_DXT5nm UNITY_NO_RGBM UNITY_ENABLE_REFLECTION_BUFFERS UNITY_FRAMEBUFFER_FETCH_AVAILABLE UNITY_NO_CUBEMAP_ARRAY UNITY_NO_SCREENSPACE_SHADOWS UNITY_PBS_USE_BRDF3 UNITY_NO_FULL_STANDARD_SHADER SHADER_API_MOBILE UNITY_HARDWARE_TIER1 UNITY_COLORSPACE_GAMMA UNITY_HALF_PRECISION_FRAGMENT_SHADER_REGISTERS UNITY_LIGHTMAP_DLDR_ENCODING ok=1
Cmd: compileSnippet
  api=5 type=0 insize=1207 outsize=3937 kw= pd=UNITY_NO_DXT5nm UNITY_NO_RGBM UNITY_ENABLE_REFLECTION_BUFFERS UNITY_FRAMEBUFFER_FETCH_AVAILABLE UNITY_NO_CUBEMAP_ARRAY UNITY_NO_SCREENSPACE_SHADOWS UNITY_PBS_USE_BRDF3 UNITY_NO_FULL_STANDARD_SHADER SHADER_API_MOBILE UNITY_HARDWARE_TIER1 UNITY_COLORSPACE_GAMMA UNITY_HALF_PRECISION_FRAGMENT_SHADER_REGISTERS UNITY_LIGHTMAP_DLDR_ENCODING ok=1
Cmd: compileSnippet
  api=5 type=1 insize=1207 outsize=0 kw= pd=UNITY_NO_DXT5nm UNITY_NO_RGBM UNITY_ENABLE_REFLECTION_BUFFERS UNITY_FRAMEBUFFER_FETCH_AVAILABLE UNITY_NO_CUBEMAP_ARRAY UNITY_NO_SCREENSPACE_SHADOWS UNITY_PBS_USE_BRDF2 SHADER_API_MOBILE UNITY_HARDWARE_TIER3 UNITY_COLORSPACE_GAMMA UNITY_HALF_PRECISION_FRAGMENT_SHADER_REGISTERS UNITY_LIGHTMAP_DLDR_ENCODING ok=1
Cmd: compileSnippet
  api=5 type=0 insize=1791 outsize=1632 kw= pd=UNITY_NO_DXT5nm UNITY_NO_RGBM UNITY_ENABLE_REFLECTION_BUFFERS UNITY_FRAMEBUFFER_FETCH_AVAILABLE UNITY_NO_CUBEMAP_ARRAY UNITY_NO_SCREENSPACE_SHADOWS UNITY_PBS_USE_BRDF3 UNITY_NO_FULL_STANDARD_SHADER SHADER_API_MOBILE UNITY_HARDWARE_TIER1 UNITY_COLORSPACE_GAMMA UNITY_HALF_PRECISION_FRAGMENT_SHADER_REGISTERS UNITY_LIGHTMAP_DLDR_ENCODING ok=1
Cmd: compileSnippet
  api=5 type=1 insize=1791 outsize=0 kw= pd=UNITY_NO_DXT5nm UNITY_NO_RGBM UNITY_ENABLE_REFLECTION_BUFFERS UNITY_FRAMEBUFFER_FETCH_AVAILABLE UNITY_NO_CUBEMAP_ARRAY UNITY_NO_SCREENSPACE_SHADOWS UNITY_PBS_USE_BRDF3 UNITY_NO_FULL_STANDARD_SHADER SHADER_API_MOBILE UNITY_HARDWARE_TIER1 UNITY_COLORSPACE_GAMMA UNITY_HALF_PRECISION_FRAGMENT_SHADER_REGISTERS UNITY_LIGHTMAP_DLDR_ENCODING ok=1
Cmd: compileSnippet
  api=5 type=0 insize=7565 outsize=2255 kw= pd=UNITY_NO_DXT5nm UNITY_NO_RGBM UNITY_ENABLE_REFLECTION_BUFFERS UNITY_FRAMEBUFFER_FETCH_AVAILABLE UNITY_NO_CUBEMAP_ARRAY UNITY_NO_SCREENSPACE_SHADOWS UNITY_PBS_USE_BRDF3 UNITY_NO_FULL_STANDARD_SHADER SHADER_API_MOBILE UNITY_HARDWARE_TIER1 UNITY_COLORSPACE_GAMMA UNITY_HALF_PRECISION_FRAGMENT_SHADER_REGISTERS UNITY_LIGHTMAP_DLDR_ENCODING ok=1
Cmd: compileSnippet
  api=9 type=1 insize=7565 outsize=0 kw= pd=UNITY_NO_DXT5nm UNITY_NO_RGBM UNITY_ENABLE_REFLECTION_BUFFERS UNITY_FRAMEBUFFER_FETCH_AVAILABLE UNITY_NO_CUBEMAP_ARRAY UNITY_NO_SCREENSPACE_SHADOWS UNITY_PBS_USE_BRDF2 SHADER_API_MOBILE UNITY_HARDWARE_TIER3 UNITY_COLORSPACE_GAMMA UNITY_LIGHTMAP_DLDR_ENCODING ok=1
Cmd: compileSnippet
  api=5 type=0 insize=7572 outsize=2432 kw= pd=UNITY_NO_DXT5nm UNITY_NO_RGBM UNITY_ENABLE_REFLECTION_BUFFERS UNITY_FRAMEBUFFER_FETCH_AVAILABLE UNITY_NO_CUBEMAP_ARRAY UNITY_NO_SCREENSPACE_SHADOWS UNITY_PBS_USE_BRDF2 SHADER_API_MOBILE UNITY_HARDWARE_TIER2 UNITY_COLORSPACE_GAMMA UNITY_HALF_PRECISION_FRAGMENT_SHADER_REGISTERS UNITY_LIGHTMAP_DLDR_ENCODING ok=1
Cmd: compileSnippet
  api=5 type=1 insize=7572 outsize=0 kw= pd=UNITY_NO_DXT5nm UNITY_NO_RGBM UNITY_ENABLE_REFLECTION_BUFFERS UNITY_FRAMEBUFFER_FETCH_AVAILABLE UNITY_NO_CUBEMAP_ARRAY UNITY_NO_SCREENSPACE_SHADOWS UNITY_PBS_USE_BRDF3 UNITY_NO_FULL_STANDARD_SHADER SHADER_API_MOBILE UNITY_HARDWARE_TIER1 UNITY_COLORSPACE_GAMMA UNITY_HALF_PRECISION_FRAGMENT_SHADER_REGISTERS UNITY_LIGHTMAP_DLDR_ENCODING ok=1
Cmd: compileSnippet
  api=9 type=0 insize=7563 outsize=2417 kw= pd=UNITY_NO_DXT5nm UNITY_NO_RGBM UNITY_ENABLE_REFLECTION_BUFFERS UNITY_FRAMEBUFFER_FETCH_AVAILABLE UNITY_NO_CUBEMAP_ARRAY UNITY_NO_SCREENSPACE_SHADOWS UNITY_PBS_USE_BRDF3 UNITY_NO_FULL_STANDARD_SHADER SHADER_API_MOBILE UNITY_HARDWARE_TIER1 UNITY_COLORSPACE_GAMMA UNITY_LIGHTMAP_DLDR_ENCODING ok=1
Cmd: compileSnippet
  api=9 type=1 insize=7563 outsize=0 kw= pd=UNITY_NO_DXT5nm UNITY_NO_RGBM UNITY_ENABLE_REFLECTION_BUFFERS UNITY_FRAMEBUFFER_FETCH_AVAILABLE UNITY_NO_CUBEMAP_ARRAY UNITY_NO_SCREENSPACE_SHADOWS UNITY_PBS_USE_BRDF2 SHADER_API_MOBILE UNITY_HARDWARE_TIER3 UNITY_COLORSPACE_GAMMA UNITY_LIGHTMAP_DLDR_ENCODING ok=1
Cmd: compileSnippet
  api=5 type=0 insize=7563 outsize=1609 kw= pd=UNITY_NO_DXT5nm UNITY_NO_RGBM UNITY_ENABLE_REFLECTION_BUFFERS UNITY_FRAMEBUFFER_FETCH_AVAILABLE UNITY_NO_CUBEMAP_ARRAY UNITY_NO_SCREENSPACE_SHADOWS UNITY_PBS_USE_BRDF3 UNITY_NO_FULL_STANDARD_SHADER SHADER_API_MOBILE UNITY_HARDWARE_TIER1 UNITY_COLORSPACE_GAMMA UNITY_HALF_PRECISION_FRAGMENT_SHADER_REGISTERS UNITY_LIGHTMAP_DLDR_ENCODING ok=1
Cmd: compileSnippet
  api=5 type=1 insize=7563 outsize=0 kw= pd=UNITY_NO_DXT5nm UNITY_NO_RGBM UNITY_ENABLE_REFLECTION_BUFFERS UNITY_FRAMEBUFFER_FETCH_AVAILABLE UNITY_NO_CUBEMAP_ARRAY UNITY_NO_SCREENSPACE_SHADOWS UNITY_PBS_USE_BRDF3 UNITY_NO_FULL_STANDARD_SHADER SHADER_API_MOBILE UNITY_HARDWARE_TIER1 UNITY_COLORSPACE_GAMMA UNITY_HALF_PRECISION_FRAGMENT_SHADER_REGISTERS UNITY_LIGHTMAP_DLDR_ENCODING ok=1
Cmd: compileSnippet
  api=5 type=0 insize=7567 outsize=1479 kw= pd=UNITY_NO_DXT5nm UNITY_NO_RGBM UNITY_ENABLE_REFLECTION_BUFFERS UNITY_FRAMEBUFFER_FETCH_AVAILABLE UNITY_NO_CUBEMAP_ARRAY UNITY_NO_SCREENSPACE_SHADOWS UNITY_PBS_USE_BRDF2 SHADER_API_MOBILE UNITY_HARDWARE_TIER3 UNITY_COLORSPACE_GAMMA UNITY_HALF_PRECISION_FRAGMENT_SHADER_REGISTERS UNITY_LIGHTMAP_DLDR_ENCODING ok=1
Cmd: compileSnippet
  api=5 type=1 insize=7567 outsize=0 kw= pd=UNITY_NO_DXT5nm UNITY_NO_RGBM UNITY_ENABLE_REFLECTION_BUFFERS UNITY_FRAMEBUFFER_FETCH_AVAILABLE UNITY_NO_CUBEMAP_ARRAY UNITY_NO_SCREENSPACE_SHADOWS UNITY_PBS_USE_BRDF2 SHADER_API_MOBILE UNITY_HARDWARE_TIER2 UNITY_COLORSPACE_GAMMA UNITY_HALF_PRECISION_FRAGMENT_SHADER_REGISTERS UNITY_LIGHTMAP_DLDR_ENCODING ok=1
Cmd: compileSnippet
  api=5 type=0 insize=7566 outsize=1597 kw= pd=UNITY_NO_DXT5nm UNITY_NO_RGBM UNITY_ENABLE_REFLECTION_BUFFERS UNITY_FRAMEBUFFER_FETCH_AVAILABLE UNITY_NO_CUBEMAP_ARRAY UNITY_NO_SCREENSPACE_SHADOWS UNITY_PBS_USE_BRDF3 UNITY_NO_FULL_STANDARD_SHADER SHADER_API_MOBILE UNITY_HARDWARE_TIER1 UNITY_COLORSPACE_GAMMA UNITY_HALF_PRECISION_FRAGMENT_SHADER_REGISTERS UNITY_LIGHTMAP_DLDR_ENCODING ok=1
Cmd: compileSnippet
  api=5 type=1 insize=7566 outsize=0 kw= pd=UNITY_NO_DXT5nm UNITY_NO_RGBM UNITY_ENABLE_REFLECTION_BUFFERS UNITY_FRAMEBUFFER_FETCH_AVAILABLE UNITY_NO_CUBEMAP_ARRAY UNITY_NO_SCREENSPACE_SHADOWS UNITY_PBS_USE_BRDF2 SHADER_API_MOBILE UNITY_HARDWARE_TIER2 UNITY_COLORSPACE_GAMMA UNITY_HALF_PRECISION_FRAGMENT_SHADER_REGISTERS UNITY_LIGHTMAP_DLDR_ENCODING ok=1
Cmd: compileSnippet
  api=5 type=0 insize=7568 outsize=2883 kw= pd=UNITY_NO_DXT5nm UNITY_NO_RGBM UNITY_ENABLE_REFLECTION_BUFFERS UNITY_FRAMEBUFFER_FETCH_AVAILABLE UNITY_NO_CUBEMAP_ARRAY UNITY_NO_SCREENSPACE_SHADOWS UNITY_PBS_USE_BRDF3 UNITY_NO_FULL_STANDARD_SHADER SHADER_API_MOBILE UNITY_HARDWARE_TIER1 UNITY_COLORSPACE_GAMMA UNITY_HALF_PRECISION_FRAGMENT_SHADER_REGISTERS UNITY_LIGHTMAP_DLDR_ENCODING ok=1
Cmd: compileSnippet
  api=5 type=1 insize=7568 outsize=0 kw= pd=UNITY_NO_DXT5nm UNITY_NO_RGBM UNITY_ENABLE_REFLECTION_BUFFERS UNITY_FRAMEBUFFER_FETCH_AVAILABLE UNITY_NO_CUBEMAP_ARRAY UNITY_NO_SCREENSPACE_SHADOWS UNITY_PBS_USE_BRDF3 UNITY_NO_FULL_STANDARD_SHADER SHADER_API_MOBILE UNITY_HARDWARE_TIER1 UNITY_COLORSPACE_GAMMA UNITY_HALF_PRECISION_FRAGMENT_SHADER_REGISTERS UNITY_LIGHTMAP_DLDR_ENCODING ok=1
Cmd: compileSnippet
  api=5 type=0 insize=7566 outsize=3161 kw= pd=UNITY_NO_DXT5nm UNITY_NO_RGBM UNITY_ENABLE_REFLECTION_BUFFERS UNITY_FRAMEBUFFER_FETCH_AVAILABLE UNITY_NO_CUBEMAP_ARRAY UNITY_NO_SCREENSPACE_SHADOWS UNITY_PBS_USE_BRDF3 UNITY_NO_FULL_STANDARD_SHADER SHADER_API_MOBILE UNITY_HARDWARE_TIER1 UNITY_COLORSPACE_GAMMA UNITY_HALF_PRECISION_FRAGMENT_SHADER_REGISTERS UNITY_LIGHTMAP_DLDR_ENCODING ok=1
Cmd: compileSnippet
  api=5 type=1 insize=7566 outsize=0 kw= pd=UNITY_NO_DXT5nm UNITY_NO_RGBM UNITY_ENABLE_REFLECTION_BUFFERS UNITY_FRAMEBUFFER_FETCH_AVAILABLE UNITY_NO_CUBEMAP_ARRAY UNITY_NO_SCREENSPACE_SHADOWS UNITY_PBS_USE_BRDF3 UNITY_NO_FULL_STANDARD_SHADER SHADER_API_MOBILE UNITY_HARDWARE_TIER1 UNITY_COLORSPACE_GAMMA UNITY_HALF_PRECISION_FRAGMENT_SHADER_REGISTERS UNITY_LIGHTMAP_DLDR_ENCODING ok=1
Cmd: compileSnippet
  api=5 type=0 insize=7567 outsize=1976 kw= pd=UNITY_NO_DXT5nm UNITY_NO_RGBM UNITY_ENABLE_REFLECTION_BUFFERS UNITY_FRAMEBUFFER_FETCH_AVAILABLE UNITY_NO_CUBEMAP_ARRAY UNITY_NO_SCREENSPACE_SHADOWS UNITY_PBS_USE_BRDF3 UNITY_NO_FULL_STANDARD_SHADER SHADER_API_MOBILE UNITY_HARDWARE_TIER1 UNITY_COLORSPACE_GAMMA UNITY_HALF_PRECISION_FRAGMENT_SHADER_REGISTERS UNITY_LIGHTMAP_DLDR_ENCODING ok=1
Cmd: compileSnippet
  api=9 type=1 insize=7567 outsize=0 kw= pd=UNITY_NO_DXT5nm UNITY_NO_RGBM UNITY_ENABLE_REFLECTION_BUFFERS UNITY_FRAMEBUFFER_FETCH_AVAILABLE UNITY_NO_CUBEMAP_ARRAY UNITY_NO_SCREENSPACE_SHADOWS UNITY_PBS_USE_BRDF2 SHADER_API_MOBILE UNITY_HARDWARE_TIER2 UNITY_COLORSPACE_GAMMA UNITY_LIGHTMAP_DLDR_ENCODING ok=1
Cmd: compileSnippet
  api=9 type=0 insize=7565 outsize=2146 kw= pd=UNITY_NO_DXT5nm UNITY_NO_RGBM UNITY_ENABLE_REFLECTION_BUFFERS UNITY_FRAMEBUFFER_FETCH_AVAILABLE UNITY_NO_CUBEMAP_ARRAY UNITY_NO_SCREENSPACE_SHADOWS UNITY_PBS_USE_BRDF3 UNITY_NO_FULL_STANDARD_SHADER SHADER_API_MOBILE UNITY_HARDWARE_TIER1 UNITY_COLORSPACE_GAMMA UNITY_LIGHTMAP_DLDR_ENCODING ok=1
Cmd: compileSnippet
  api=5 type=1 insize=7565 outsize=0 kw= pd=UNITY_NO_DXT5nm UNITY_NO_RGBM UNITY_ENABLE_REFLECTION_BUFFERS UNITY_FRAMEBUFFER_FETCH_AVAILABLE UNITY_NO_CUBEMAP_ARRAY UNITY_NO_SCREENSPACE_SHADOWS UNITY_PBS_USE_BRDF3 UNITY_NO_FULL_STANDARD_SHADER SHADER_API_MOBILE UNITY_HARDWARE_TIER1 UNITY_COLORSPACE_GAMMA UNITY_HALF_PRECISION_FRAGMENT_SHADER_REGISTERS UNITY_LIGHTMAP_DLDR_ENCODING ok=1
Cmd: compileSnippet
  api=5 type=0 insize=1419 outsize=8044 kw= pd=UNITY_NO_DXT5nm UNITY_NO_RGBM UNITY_ENABLE_REFLECTION_BUFFERS UNITY_FRAMEBUFFER_FETCH_AVAILABLE UNITY_NO_CUBEMAP_ARRAY UNITY_NO_SCREENSPACE_SHADOWS UNITY_PBS_USE_BRDF3 UNITY_NO_FULL_STANDARD_SHADER SHADER_API_MOBILE UNITY_HARDWARE_TIER1 UNITY_COLORSPACE_GAMMA UNITY_HALF_PRECISION_FRAGMENT_SHADER_REGISTERS UNITY_LIGHTMAP_DLDR_ENCODING ok=1
Cmd: compileSnippet
  api=5 type=1 insize=1419 outsize=8004 kw= pd=UNITY_NO_DXT5nm UNITY_NO_RGBM UNITY_ENABLE_REFLECTION_BUFFERS UNITY_FRAMEBUFFER_FETCH_AVAILABLE UNITY_NO_CUBEMAP_ARRAY UNITY_NO_SCREENSPACE_SHADOWS UNITY_PBS_USE_BRDF2 SHADER_API_MOBILE UNITY_HARDWARE_TIER2 UNITY_COLORSPACE_GAMMA UNITY_HALF_PRECISION_FRAGMENT_SHADER_REGISTERS UNITY_LIGHTMAP_DLDR_ENCODING ok=1
Cmd: compileSnippet
  api=5 type=0 insize=1672 outsize=8291 kw= pd=UNITY_NO_DXT5nm UNITY_NO_RGBM UNITY_ENABLE_REFLECTION_BUFFERS UNITY_FRAMEBUFFER_FETCH_AVAILABLE UNITY_NO_CUBEMAP_ARRAY UNITY_NO_SCREENSPACE_SHADOWS UNITY_PBS_USE_BRDF3 UNITY_NO_FULL_STANDARD_SHADER SHADER_API_MOBILE UNITY_HARDWARE_TIER1 UNITY_COLORSPACE_GAMMA UNITY_HALF_PRECISION_FRAGMENT_SHADER_REGISTERS UNITY_LIGHTMAP_DLDR_ENCODING ok=1
Cmd: compileSnippet
  api=5 type=1 insize=1672 outsize=8251 kw= pd=UNITY_NO_DXT5nm UNITY_NO_RGBM UNITY_ENABLE_REFLECTION_BUFFERS UNITY_FRAMEBUFFER_FETCH_AVAILABLE UNITY_NO_CUBEMAP_ARRAY UNITY_NO_SCREENSPACE_SHADOWS UNITY_PBS_USE_BRDF2 SHADER_API_MOBILE UNITY_HARDWARE_TIER2 UNITY_COLORSPACE_GAMMA UNITY_HALF_PRECISION_FRAGMENT_SHADER_REGISTERS UNITY_LIGHTMAP_DLDR_ENCODING ok=1
Cmd: compileSnippet
  api=5 type=0 insize=1470 outsize=1798 kw= pd=UNITY_NO_DXT5nm UNITY_NO_RGBM UNITY_ENABLE_REFLECTION_BUFFERS UNITY_FRAMEBUFFER_FETCH_AVAILABLE UNITY_NO_CUBEMAP_ARRAY UNITY_NO_SCREENSPACE_SHADOWS UNITY_PBS_USE_BRDF3 UNITY_NO_FULL_STANDARD_SHADER SHADER_API_MOBILE UNITY_HARDWARE_TIER1 UNITY_COLORSPACE_GAMMA UNITY_HALF_PRECISION_FRAGMENT_SHADER_REGISTERS UNITY_LIGHTMAP_DLDR_ENCODING ok=1
Cmd: compileSnippet
  api=9 type=1 insize=1470 outsize=0 kw= pd=UNITY_NO_DXT5nm UNITY_NO_RGBM UNITY_ENABLE_REFLECTION_BUFFERS UNITY_FRAMEBUFFER_FETCH_AVAILABLE UNITY_NO_CUBEMAP_ARRAY UNITY_NO_SCREENSPACE_SHADOWS UNITY_PBS_USE_BRDF3 UNITY_NO_FULL_STANDARD_SHADER SHADER_API_MOBILE UNITY_HARDWARE_TIER1 UNITY_COLORSPACE_GAMMA UNITY_LIGHTMAP_DLDR_ENCODING ok=1
Cmd: compileSnippet
  api=14 type=0 insize=1693 outsize=1542 kw= pd=UNITY_NO_DXT5nm UNITY_ENABLE_REFLECTION_BUFFERS UNITY_NO_CUBEMAP_ARRAY UNITY_NO_SCREENSPACE_SHADOWS UNITY_PBS_USE_BRDF2 SHADER_API_DESKTOP UNITY_HARDWARE_TIER3 UNITY_COLORSPACE_GAMMA UNITY_LIGHTMAP_DLDR_ENCODING ok=1
Cmd: compileSnippet
  api=14 type=1 insize=1693 outsize=876 kw= pd=UNITY_NO_DXT5nm UNITY_ENABLE_REFLECTION_BUFFERS UNITY_NO_CUBEMAP_ARRAY UNITY_NO_SCREENSPACE_SHADOWS UNITY_PBS_USE_BRDF2 SHADER_API_DESKTOP UNITY_HARDWARE_TIER3 UNITY_COLORSPACE_GAMMA UNITY_LIGHTMAP_DLDR_ENCODING ok=1
